transaction_id,timestamp,branch_id,city,account_number,amount,transaction_type,transaction_status,failure_reason
cda48afa-7d48-40e1-9ec8-f866f4dfd588,2025-05-03 14:21:19,DEL-BR3,Delhi,47660296,41978.12,WITHDRAWAL,FAILED,INSUFFICIENT_FUNDS
fb476654-8eb1-4c07-b479-d067467d98c8,2025-05-06 19:05:08,MUM-BR1,Mumbai,24062625,9185.64,WITHDRAWAL,FAILED,TECHNICAL_ERROR
2fe299c3-5d9a-45b5-8485-38bf316678aa,2025-05-07 11:12:48,MUM-BR5,Mumbai,86403875,2541.74,DEPOSIT,FAILED,INSUFFICIENT_FUNDS
6681532e-b9f5-4597-ac26-573873fe54c4,2025-05-03 17:32:34,DEL-BR3,Delhi,26271327,1681.19,WITHDRAWAL,FAILED,TECHNICAL_ERROR
a38f517d-4041-450c-b400-7edda5ce31a9,2025-05-07 02:32:10,DEL-BR4,Delhi,74240699,26987.72,WITHDRAWAL,FAILED,INSUFFICIENT_FUNDS
e6eaa133-6688-4d51-8b81-84e3068303ba,2025-05-05 10:53:20,DEL-BR4,Delhi,79664042,44379.29,DEPOSIT,FAILED,ACCOUNT_BLOCKED
3ec4c6b0-b819-489a-849c-6e853217f2ac,2025-05-02 14:36:19,MUM-BR5,Mumbai,47725906,12200.97,WITHDRAWAL,FAILED,TECHNICAL_ERROR
563b7a8e-70c0-4401-931f-0a0a11bdf77f,2025-05-02 13:10:08,DEL-BR1,Delhi,12362248,11797.95,WITHDRAWAL,FAILED,INSUFFICIENT_FUNDS
5a42a599-f9bd-4a17-ac8c-b9440c925a23,2025-05-01 17:51:20,MUM-BR5,Mumbai,83783551,24666.61,DEPOSIT,FAILED,ACCOUNT_BLOCKED
8700385a-ab29-4b14-ae34-04eafc909bc7,2025-05-03 08:17:37,MUM-BR5,Mumbai,92987085,48774.22,WITHDRAWAL,FAILED,ACCOUNT_BLOCKED
f32541c8-12da-44f2-935c-0d10feb0c7fd,2025-05-03 11:21:37,DEL-BR4,Delhi,86146441,27579.58,DEPOSIT,FAILED,TECHNICAL_ERROR
5849db76-8ba7-4aba-8dac-7f84064f26eb,2025-05-02 05:31:20,MUM-BR3,Mumbai,77259013,37720.77,DEPOSIT,FAILED,INSUFFICIENT_FUNDS
439310d9-58f1-45f1-ae71-d720a04f7105,2025-05-01 02:31:47,CHE-BR4,Chennai,47569045,19054.32,WITHDRAWAL,FAILED,TECHNICAL_ERROR
3743a235-7174-4976-abce-9923fc289465,2025-05-07 11:04:23,DEL-BR2,Delhi,77924625,2777.04,DEPOSIT,FAILED,TECHNICAL_ERROR
c86f0aff-00f8-47cc-bee2-6033e1cf7d3d,2025-05-01 11:00:15,DEL-BR1,Delhi,93978117,11786.85,WITHDRAWAL,FAILED,ACCOUNT_BLOCKED
9ffa695c-878c-4a5f-bf79-2bca0673ef45,2025-05-03 16:49:15,CHE-BR1,Chennai,48760760,11979.24,DEPOSIT,FAILED,INSUFFICIENT_FUNDS
e726bed3-5484-4aba-8875-2e6f4b1d0048,2025-05-03 11:30:04,DEL-BR4,Delhi,45506255,5688.86,DEPOSIT,FAILED,TECHNICAL_ERROR
1607f344-3164-4332-9785-c1e9e3a913d9,2025-05-05 03:27:02,MUM-BR1,Mumbai,39124357,21069.13,DEPOSIT,FAILED,TECHNICAL_ERROR
6025dc28-d93c-4a62-96c5-12634c101a1a,2025-05-06 17:36:14,MUM-BR1,Mumbai,14942570,29552.76,WITHDRAWAL,FAILED,ACCOUNT_BLOCKED
19318917-d1b6-45c5-84cf-a9de54cb9fea,2025-05-04 13:58:29,CHE-BR4,Chennai,37481512,11501.03,DEPOSIT,FAILED,ACCOUNT_BLOCKED
dc2c80f1-6c76-4397-9220-c9e1787d490f,2025-05-06 23:24:37,CHE-BR2,Chennai,74535767,25971.58,WITHDRAWAL,FAILED,ACCOUNT_BLOCKED
2895d511-6e4c-4aa9-9c3b-f174f62c1344,2025-05-01 22:54:55,DEL-BR2,Delhi,56863283,7525.94,WITHDRAWAL,FAILED,INSUFFICIENT_FUNDS
b02ad531-02fa-4577-89d3-1b4513515a41,2025-05-03 18:16:26,DEL-BR1,Delhi,92881573,7997.91,WITHDRAWAL,FAILED,INSUFFICIENT_FUNDS
b83cc663-1485-4c33-81ed-f6da336cfe76,2025-05-02 23:14:52,CHE-BR2,Chennai,50999001,18806.6,DEPOSIT,FAILED,TECHNICAL_ERROR
636bcc20-f335-4df8-9aba-2fc281c663c8,2025-05-07 08:24:12,DEL-BR3,Delhi,11907098,2622.32,DEPOSIT,FAILED,ACCOUNT_BLOCKED
f7e5bb97-3198-4eee-9448-219a6111d188,2025-05-02 02:07:59,MUM-BR3,Mumbai,27803291,23861.13,DEPOSIT,FAILED,ACCOUNT_BLOCKED
8f224401-8ccf-4088-b750-1ea65aba5092,2025-05-06 06:06:48,CHE-BR3,Chennai,32307946,27307.95,WITHDRAWAL,FAILED,INSUFFICIENT_FUNDS
1250c73a-0362-4efb-a602-2f7fd0c1c635,2025-05-04 17:16:23,CHE-BR4,Chennai,34168701,20470.97,DEPOSIT,FAILED,TECHNICAL_ERROR
5e4bfed4-27a0-4dd7-9f8b-ef023337088a,2025-05-05 19:16:20,CHE-BR4,Chennai,14699641,20319.12,DEPOSIT,FAILED,TECHNICAL_ERROR
fb2e075c-e1fe-41ff-838b-949590111fa9,2025-05-02 11:24:02,CHE-BR4,Chennai,76941825,12663.99,DEPOSIT,FAILED,TECHNICAL_ERROR
857d4f83-5107-476f-8944-c506764bb666,2025-05-01 00:08:58,MUM-BR5,Mumbai,97814472,29090.59,WITHDRAWAL,FAILED,TECHNICAL_ERROR
c6cd8157-4c32-4238-86ee-5b73d0105eb3,2025-05-03 02:25:29,DEL-BR1,Delhi,57453654,49614.03,DEPOSIT,FAILED,INSUFFICIENT_FUNDS
3ab639ec-7cde-430b-818e-ea32a9909a4b,2025-05-03 07:13:56,CHE-BR4,Chennai,33234014,44266.5,WITHDRAWAL,FAILED,TECHNICAL_ERROR
cc057502-b5ba-4ee3-93c0-1159d88bb271,2025-05-03 20:03:35,DEL-BR5,Delhi,77041460,43528.77,DEPOSIT,FAILED,ACCOUNT_BLOCKED
ae331865-be53-4a6b-ab71-34c6a1c7cb2b,2025-05-02 05:13:53,CHE-BR4,Chennai,48383643,6989.71,DEPOSIT,FAILED,ACCOUNT_BLOCKED
895cc5b1-1436-4dec-9580-ddb1f330ae80,2025-05-04 06:05:43,DEL-BR3,Delhi,79974079,15699.56,WITHDRAWAL,FAILED,ACCOUNT_BLOCKED
be98d8bf-b87e-478d-82c5-cfb7b59f25c9,2025-05-05 04:36:33,CHE-BR1,Chennai,69143957,16493.74,DEPOSIT,FAILED,ACCOUNT_BLOCKED
d52ee576-fad5-45fb-8e94-5584130cafab,2025-05-02 13:46:13,CHE-BR5,Chennai,29186040,33280.34,WITHDRAWAL,FAILED,TECHNICAL_ERROR
0dd301d7-095e-42a2-8d67-ade68b6f14df,2025-05-04 21:04:47,MUM-BR4,Mumbai,22093390,12876.23,WITHDRAWAL,FAILED,ACCOUNT_BLOCKED
d56e8cbe-af30-4b89-b188-6c2c37f4af69,2025-05-01 15:36:41,MUM-BR2,Mumbai,22212300,5216.24,DEPOSIT,FAILED,ACCOUNT_BLOCKED
f68b9e74-1d1f-4e7d-8cdf-448b58049aac,2025-05-01 18:41:38,DEL-BR1,Delhi,24673805,45944.6,WITHDRAWAL,FAILED,INSUFFICIENT_FUNDS
f655122d-0b6a-4282-8789-16e9c12c5bb6,2025-05-02 10:35:00,MUM-BR4,Mumbai,31169641,14795.64,DEPOSIT,FAILED,TECHNICAL_ERROR
3f52b466-9659-437b-8e57-795359655d51,2025-05-04 15:11:32,DEL-BR2,Delhi,62702945,6927.68,WITHDRAWAL,FAILED,INSUFFICIENT_FUNDS
61631dd4-5138-4495-ae5f-c6e29e3a9139,2025-05-05 10:53:27,DEL-BR1,Delhi,26810306,32955.23,WITHDRAWAL,FAILED,ACCOUNT_BLOCKED
1fd27cda-8418-4512-bdc4-142bc450b1a0,2025-05-06 17:09:26,MUM-BR4,Mumbai,43873967,9946.49,DEPOSIT,FAILED,ACCOUNT_BLOCKED
16a6cef1-144e-4dc6-960d-4ac63c52281f,2025-05-07 10:29:21,DEL-BR2,Delhi,44033044,6798.86,WITHDRAWAL,FAILED,TECHNICAL_ERROR
a468b804-f454-4873-9cd3-72c83d5c80b6,2025-05-07 03:57:05,DEL-BR2,Delhi,77656090,49061.79,DEPOSIT,FAILED,TECHNICAL_ERROR
5c4dbf9c-fb43-4cde-a3f6-aa812a4d9f4b,2025-05-03 14:55:04,MUM-BR1,Mumbai,39196356,32697.82,DEPOSIT,FAILED,ACCOUNT_BLOCKED
318b1a62-7e11-48b8-ae93-f4a8389e9b4c,2025-05-03 10:47:44,CHE-BR4,Chennai,92013329,18549.97,DEPOSIT,FAILED,INSUFFICIENT_FUNDS
e34f0a74-0eb4-42bd-8878-4a80c11ced59,2025-05-05 17:34:03,MUM-BR2,Mumbai,59628772,2734.12,WITHDRAWAL,FAILED,ACCOUNT_BLOCKED
08dfafbb-0409-4c10-bcfb-faaf59ec823d,2025-05-07 01:02:24,MUM-BR3,Mumbai,41695920,12386.07,WITHDRAWAL,FAILED,INSUFFICIENT_FUNDS
7967875e-b911-40e2-94a0-345479452ceb,2025-05-06 17:41:34,DEL-BR4,Delhi,76396645,42115.41,WITHDRAWAL,FAILED,TECHNICAL_ERROR
c8c35c7e-25c4-4390-8d52-b4f5585b852c,2025-05-04 03:05:57,MUM-BR2,Mumbai,18401863,4306.76,WITHDRAWAL,FAILED,TECHNICAL_ERROR
d693651d-0a05-4288-a37e-d499ae73cdff,2025-05-04 17:04:09,CHE-BR2,Chennai,97679920,36055.93,DEPOSIT,FAILED,ACCOUNT_BLOCKED
8eb891ee-8a2c-47cf-9dd4-b2ee1d425346,2025-05-02 15:21:23,MUM-BR5,Mumbai,24755195,25027.39,DEPOSIT,FAILED,INSUFFICIENT_FUNDS
3648a13e-bc58-43f2-b8d3-7ed3314a049d,2025-05-03 18:37:04,CHE-BR4,Chennai,90359420,9593.73,WITHDRAWAL,FAILED,INSUFFICIENT_FUNDS
04bcb416-b246-4e3b-ad01-35513cab7838,2025-05-03 06:14:36,DEL-BR2,Delhi,31254905,19820.86,DEPOSIT,FAILED,INSUFFICIENT_FUNDS
cf656f23-9b04-47eb-b1f5-ec60e44844b8,2025-05-02 14:10:35,CHE-BR5,Chennai,56676183,26365.83,DEPOSIT,FAILED,TECHNICAL_ERROR
9840341e-594b-469c-86f8-43a7f84f4e48,2025-05-06 06:04:14,DEL-BR2,Delhi,28576836,12181.25,DEPOSIT,FAILED,TECHNICAL_ERROR
708e53de-a6a1-4e3d-8373-311671f4a620,2025-05-07 14:41:48,MUM-BR3,Mumbai,41040318,10554.73,DEPOSIT,FAILED,INSUFFICIENT_FUNDS
c2fbc426-cdd1-479a-8ffa-85fa8b2ce748,2025-05-05 10:09:16,MUM-BR5,Mumbai,16855293,40352.59,DEPOSIT,FAILED,ACCOUNT_BLOCKED
6a2c193a-c07d-4830-93ba-12e689337c07,2025-05-07 10:49:51,DEL-BR3,Delhi,54585261,18675.48,WITHDRAWAL,FAILED,TECHNICAL_ERROR
86706908-88a6-4237-bb6a-ec0ef702f6c5,2025-05-04 01:31:33,CHE-BR3,Chennai,16195892,15724.77,WITHDRAWAL,FAILED,ACCOUNT_BLOCKED
15f1401a-7b71-40ba-967d-3a5498baa6dd,2025-05-04 08:28:01,MUM-BR1,Mumbai,52941217,11912.4,DEPOSIT,FAILED,TECHNICAL_ERROR
8525e6bf-f621-4902-b4d6-ddd182c4d955,2025-05-03 21:25:59,DEL-BR1,Delhi,86461334,16743.16,DEPOSIT,FAILED,TECHNICAL_ERROR
3aadd650-8874-483b-93bc-985c2d3a31a5,2025-05-01 12:37:10,DEL-BR1,Delhi,21520576,48024.87,WITHDRAWAL,FAILED,ACCOUNT_BLOCKED
84cdc1d2-6f25-4fb7-980f-ca213d9581d3,2025-05-01 11:30:25,DEL-BR5,Delhi,83637077,940.63,WITHDRAWAL,FAILED,ACCOUNT_BLOCKED
8e73e96f-c6ee-4fce-b1f1-2ae7a6035ec7,2025-05-06 13:30:29,CHE-BR2,Chennai,91697535,25401.45,DEPOSIT,FAILED,TECHNICAL_ERROR
5467eed7-322d-42ff-95ad-d9affc86150b,2025-05-03 01:12:45,CHE-BR1,Chennai,78689334,28513.49,WITHDRAWAL,FAILED,INSUFFICIENT_FUNDS
e5124a9c-b319-467f-8a3d-92a3af7099df,2025-05-07 13:38:11,DEL-BR4,Delhi,53050793,24218.03,WITHDRAWAL,FAILED,INSUFFICIENT_FUNDS
46d5f51b-5913-4119-aab4-cb5f27449c24,2025-05-03 14:47:52,MUM-BR4,Mumbai,67855313,40865.11,DEPOSIT,FAILED,INSUFFICIENT_FUNDS
361d8f11-1714-49c6-a3b1-a417e444c5c3,2025-05-06 12:10:33,MUM-BR1,Mumbai,48922487,34059.6,WITHDRAWAL,FAILED,ACCOUNT_BLOCKED
7015d3ed-1f1e-46b3-a817-b05ad35722a5,2025-05-05 07:02:38,DEL-BR1,Delhi,82152343,28049.28,DEPOSIT,FAILED,TECHNICAL_ERROR
3042cdf4-095b-4f04-9106-5e02a20dbc82,2025-05-03 23:35:00,MUM-BR1,Mumbai,68092942,3850.26,DEPOSIT,FAILED,INSUFFICIENT_FUNDS
7c056427-61da-4088-8d09-cc4d5559d21f,2025-05-02 03:07:02,MUM-BR1,Mumbai,46639301,27154.16,DEPOSIT,FAILED,INSUFFICIENT_FUNDS
d57bd4a6-165c-4715-bc79-d6084e7484ed,2025-05-02 07:29:58,MUM-BR1,Mumbai,57337664,7052.36,DEPOSIT,FAILED,INSUFFICIENT_FUNDS
9c985201-7f81-4b85-acb0-b70198df0616,2025-05-05 03:46:07,MUM-BR2,Mumbai,49437925,22428.7,DEPOSIT,FAILED,TECHNICAL_ERROR
b374319c-062a-44ad-b76a-47c40a9fcf6d,2025-05-06 03:53:02,CHE-BR2,Chennai,88764358,6487.47,WITHDRAWAL,FAILED,TECHNICAL_ERROR
c0603495-cd7b-4f58-9f6e-081d0caa4a25,2025-05-06 22:46:43,DEL-BR1,Delhi,25061878,42915.92,DEPOSIT,FAILED,INSUFFICIENT_FUNDS
964af845-89f4-4501-83e1-da6a4524f483,2025-05-04 10:41:21,DEL-BR5,Delhi,33942074,2430.01,DEPOSIT,FAILED,ACCOUNT_BLOCKED
c3353f1d-2430-4fe4-9111-7df60b07cabb,2025-05-04 04:37:52,MUM-BR1,Mumbai,20972706,38780.61,WITHDRAWAL,FAILED,ACCOUNT_BLOCKED
0d5ec5ad-203d-47ed-b160-a41e6d15245b,2025-05-01 06:55:34,CHE-BR2,Chennai,86377835,39915.04,WITHDRAWAL,FAILED,ACCOUNT_BLOCKED
4b11d2e1-2b36-4a8e-acd6-814122e1e8a0,2025-05-01 00:59:52,CHE-BR5,Chennai,66705675,29562.43,WITHDRAWAL,FAILED,TECHNICAL_ERROR
79862c99-7632-46cc-89e4-9a3289646950,2025-05-03 11:28:33,DEL-BR1,Delhi,50980784,39456.16,WITHDRAWAL,FAILED,INSUFFICIENT_FUNDS
2f100b47-0d55-4a5d-bb09-1037861106b8,2025-05-06 05:43:42,CHE-BR4,Chennai,84686076,3967.66,DEPOSIT,FAILED,ACCOUNT_BLOCKED
3e7ed516-ac49-4402-a1b7-a423aafba997,2025-05-01 11:58:13,DEL-BR3,Delhi,38510333,45192.76,DEPOSIT,FAILED,TECHNICAL_ERROR
7433056b-49d6-4576-9062-40a09fe53826,2025-05-06 22:04:02,MUM-BR3,Mumbai,69972250,11954.08,DEPOSIT,FAILED,INSUFFICIENT_FUNDS
cd286ab0-7d7b-4436-b547-6b3140e1e927,2025-05-03 12:32:13,CHE-BR1,Chennai,23100470,5626.28,DEPOSIT,FAILED,ACCOUNT_BLOCKED
7b4cfdc1-8742-42f3-bb14-5f41efa85fd1,2025-05-05 09:30:20,DEL-BR4,Delhi,84531366,5877.92,WITHDRAWAL,FAILED,ACCOUNT_BLOCKED
1446661a-ffe9-41ad-9a9e-55bc45b49b24,2025-05-07 04:40:56,DEL-BR2,Delhi,75736235,32087.82,WITHDRAWAL,FAILED,ACCOUNT_BLOCKED
d3e54562-b597-4bf4-be47-1460f8be74fb,2025-05-01 12:12:58,MUM-BR5,Mumbai,74142218,31639.51,WITHDRAWAL,FAILED,TECHNICAL_ERROR
fd320954-ad12-461f-b138-bad71d5abe69,2025-05-03 08:28:09,CHE-BR1,Chennai,80737211,3923.42,WITHDRAWAL,FAILED,TECHNICAL_ERROR
af3c8ea5-0303-498a-a58d-ba480b19159e,2025-05-03 19:25:46,DEL-BR3,Delhi,90230970,10509.81,DEPOSIT,FAILED,TECHNICAL_ERROR
e66ba2e4-3cc5-48c7-a0d7-6f9c5493d0ce,2025-05-05 18:09:57,CHE-BR5,Chennai,73333051,6698.2,WITHDRAWAL,FAILED,ACCOUNT_BLOCKED
2546394e-7ef0-4eb9-9473-746156244f87,2025-05-05 16:01:14,MUM-BR2,Mumbai,48468570,34802.85,WITHDRAWAL,FAILED,INSUFFICIENT_FUNDS
f949cfbc-3a14-4abb-bef6-aae663a16234,2025-05-01 23:04:12,MUM-BR4,Mumbai,93803522,47769.21,WITHDRAWAL,FAILED,ACCOUNT_BLOCKED
02177e04-90a8-4a31-89b4-a8ec8b90afa6,2025-05-01 09:21:39,DEL-BR3,Delhi,34124975,4942.22,WITHDRAWAL,FAILED,ACCOUNT_BLOCKED
ffe0ff98-7ede-46ad-92de-80856ec9b0ab,2025-05-04 01:16:36,DEL-BR3,Delhi,41075256,27724.45,WITHDRAWAL,FAILED,TECHNICAL_ERROR
3c4994fd-4120-4fdc-bc99-04dc745f3aef,2025-05-07 14:02:45,DEL-BR5,Delhi,73181151,3770.9,DEPOSIT,FAILED,TECHNICAL_ERROR
ab0eb67e-ffbf-43df-916d-efde2c7c2e04,2025-05-07 09:09:23,DEL-BR2,Delhi,40100411,28027.49,WITHDRAWAL,FAILED,INSUFFICIENT_FUNDS
4c498900-1c1f-45bd-adaf-606ad8bfeca4,2025-05-05 00:11:36,MUM-BR4,Mumbai,27985029,48612.5,WITHDRAWAL,FAILED,INSUFFICIENT_FUNDS
917e78f5-83bd-4f7b-a111-bfc99c7a6d40,2025-05-07 03:06:25,MUM-BR3,Mumbai,90600653,12306.32,DEPOSIT,FAILED,ACCOUNT_BLOCKED
b208bda3-9b84-48c1-8569-c1cb58832bdf,2025-05-02 07:52:29,DEL-BR3,Delhi,29671691,38797.15,DEPOSIT,FAILED,ACCOUNT_BLOCKED
7f5eeb3a-a2c6-4712-8ebb-61fcf3327b36,2025-05-07 00:08:06,DEL-BR4,Delhi,18541649,45255.53,WITHDRAWAL,FAILED,TECHNICAL_ERROR
cf195779-9bae-4323-a5b9-41284d10ad88,2025-05-05 17:16:34,DEL-BR2,Delhi,21285949,39262.58,WITHDRAWAL,FAILED,ACCOUNT_BLOCKED
5177bb0e-0bd2-4108-b1a4-1095eda16c86,2025-05-03 09:05:39,CHE-BR3,Chennai,83809561,20652.77,WITHDRAWAL,FAILED,TECHNICAL_ERROR
7ceeabe6-9692-4262-8a7c-8b2fd19c0cc3,2025-05-02 19:51:50,DEL-BR1,Delhi,69438000,29673.09,WITHDRAWAL,FAILED,TECHNICAL_ERROR
f735093e-9e7b-49a9-8cc4-9614b966974f,2025-05-05 18:54:38,DEL-BR1,Delhi,47787817,32867.36,DEPOSIT,FAILED,ACCOUNT_BLOCKED
5cfe9951-9709-4ed1-b22a-c9950c7bdf53,2025-05-04 23:06:17,CHE-BR3,Chennai,60645530,33505.2,DEPOSIT,FAILED,TECHNICAL_ERROR
f5eb4b42-7d66-47ad-abc1-847dbde82828,2025-05-05 08:18:20,DEL-BR3,Delhi,41252184,7001.02,DEPOSIT,FAILED,INSUFFICIENT_FUNDS
b4e0f979-3c5f-499e-b8fa-65c4275ed0af,2025-05-05 19:41:24,DEL-BR4,Delhi,78790511,37750.11,WITHDRAWAL,FAILED,ACCOUNT_BLOCKED
0d58050c-cbd5-4811-b211-ec65384983e9,2025-05-06 07:03:26,CHE-BR3,Chennai,75439685,5746.85,WITHDRAWAL,FAILED,ACCOUNT_BLOCKED
d0ff4c5b-3af9-4a53-bfd2-659c281205f1,2025-05-03 06:47:13,CHE-BR4,Chennai,54185588,35079.28,DEPOSIT,FAILED,TECHNICAL_ERROR
d32d2cbc-abfe-4d97-b740-710cf927a95c,2025-05-02 22:12:54,DEL-BR1,Delhi,85401193,39676.81,WITHDRAWAL,FAILED,TECHNICAL_ERROR
e84cc42d-02f3-4612-879e-ca505817428c,2025-05-04 11:40:53,MUM-BR1,Mumbai,42318349,41705.37,WITHDRAWAL,FAILED,TECHNICAL_ERROR
f3595e3c-5d42-4d8d-b8c9-b2f0387beb7d,2025-05-05 22:23:51,CHE-BR3,Chennai,49603330,43097.52,DEPOSIT,FAILED,TECHNICAL_ERROR
622d941f-bfc8-4aec-8c47-e9a1c31752e7,2025-05-07 03:30:53,CHE-BR2,Chennai,83041904,22789.72,DEPOSIT,FAILED,INSUFFICIENT_FUNDS
140e280f-3ba4-4fac-aa13-adabd9af2f88,2025-05-06 22:50:18,CHE-BR3,Chennai,27763325,37910.98,DEPOSIT,FAILED,INSUFFICIENT_FUNDS
d55e5c4a-42da-4318-b897-e77d9798e2ba,2025-05-05 06:37:16,CHE-BR5,Chennai,14156044,1089.76,DEPOSIT,FAILED,INSUFFICIENT_FUNDS
349bfd1a-5923-4f68-ab24-a6aaad868ca0,2025-05-02 18:38:52,CHE-BR5,Chennai,27206417,44185.54,DEPOSIT,FAILED,TECHNICAL_ERROR
c5998c76-d263-469a-aef5-9bd3a6410c8c,2025-05-05 19:21:47,DEL-BR5,Delhi,98131487,41369.96,DEPOSIT,FAILED,TECHNICAL_ERROR
c63f1de5-55b6-4562-aef6-e421033537e9,2025-05-03 23:22:39,MUM-BR2,Mumbai,41185812,16037.01,DEPOSIT,FAILED,INSUFFICIENT_FUNDS
f1ffa0d2-fd0d-4ecd-95b1-185cc229d3aa,2025-05-02 10:39:58,CHE-BR2,Chennai,84367266,2620.28,DEPOSIT,FAILED,TECHNICAL_ERROR
da81f121-4762-4822-b4a2-6da2a3e032c8,2025-05-06 21:35:51,MUM-BR4,Mumbai,77398120,41830.12,WITHDRAWAL,FAILED,ACCOUNT_BLOCKED
007384bf-b155-447e-b935-f4b1db453023,2025-05-03 05:11:12,MUM-BR5,Mumbai,15703824,20474.65,DEPOSIT,FAILED,ACCOUNT_BLOCKED
330ca094-be07-426e-8c4a-757d0e3d1921,2025-05-03 00:58:59,MUM-BR4,Mumbai,85258027,8134.12,WITHDRAWAL,FAILED,TECHNICAL_ERROR
9ae6a3c7-2973-42b5-86c8-e242c5a2d0e2,2025-05-03 10:31:21,DEL-BR3,Delhi,30737003,37308.8,WITHDRAWAL,FAILED,INSUFFICIENT_FUNDS
36276965-ce32-4b8a-b7ff-98dc5b63c383,2025-05-05 21:27:02,CHE-BR2,Chennai,34112180,24386.21,WITHDRAWAL,FAILED,ACCOUNT_BLOCKED
8ca614c9-21aa-4f79-8ae8-9dd169fd6a02,2025-05-05 20:23:29,DEL-BR1,Delhi,40331940,31269.87,DEPOSIT,FAILED,TECHNICAL_ERROR
b8adb2c2-1edf-4331-b7b6-674c6ff72a7b,2025-05-06 09:52:59,DEL-BR3,Delhi,28778552,21337.32,WITHDRAWAL,FAILED,INSUFFICIENT_FUNDS
d1501040-46c1-4dd3-9fe5-b52a4bdf3986,2025-05-05 21:33:47,MUM-BR1,Mumbai,96967590,40108.26,DEPOSIT,FAILED,ACCOUNT_BLOCKED
696c911d-0efc-4181-b7a1-6772f87bc8cd,2025-05-06 20:38:08,MUM-BR4,Mumbai,40659458,18728.82,WITHDRAWAL,FAILED,ACCOUNT_BLOCKED
aaeed672-0d55-4259-ba82-496960459c3b,2025-05-04 20:25:42,DEL-BR4,Delhi,75839788,44074.71,WITHDRAWAL,FAILED,ACCOUNT_BLOCKED
38bc20cd-7d67-4e7a-94f9-46f69211a9f6,2025-05-03 22:27:49,DEL-BR4,Delhi,17682119,18542.95,WITHDRAWAL,FAILED,TECHNICAL_ERROR
8550756c-fc85-4ba9-bde9-ee0938c9bc8d,2025-05-05 17:27:28,MUM-BR1,Mumbai,31250079,43746.49,DEPOSIT,FAILED,ACCOUNT_BLOCKED
ca8ba8f1-22d7-4cb8-a94d-a443345a998a,2025-05-03 03:31:14,DEL-BR4,Delhi,17578282,1993.7,WITHDRAWAL,FAILED,ACCOUNT_BLOCKED
36a400d8-c551-4b2b-a61e-1055cb883d0d,2025-05-06 09:44:59,DEL-BR3,Delhi,84246368,8178.27,WITHDRAWAL,FAILED,INSUFFICIENT_FUNDS
c4e1d71f-4bae-4b2a-be9d-1e0f44814099,2025-05-01 14:00:29,DEL-BR4,Delhi,68787556,20649.69,DEPOSIT,FAILED,INSUFFICIENT_FUNDS
29ef8955-7ec1-4c36-a91f-4203c12177f0,2025-05-03 05:14:21,MUM-BR1,Mumbai,36862347,8789.52,WITHDRAWAL,FAILED,TECHNICAL_ERROR
71e9b9b2-0da5-4754-956a-a0a2db0e3072,2025-05-05 05:39:45,CHE-BR3,Chennai,37257840,41522.37,WITHDRAWAL,FAILED,ACCOUNT_BLOCKED
c76033b5-40d9-489f-8f87-df3d7d638841,2025-05-01 19:37:57,DEL-BR3,Delhi,97804468,12716.19,WITHDRAWAL,FAILED,ACCOUNT_BLOCKED
ab827727-221f-40d4-98d4-78932d759991,2025-05-04 12:17:23,CHE-BR4,Chennai,14132770,1665.85,WITHDRAWAL,FAILED,ACCOUNT_BLOCKED
47f51b67-4dc1-40c5-b4ed-ad3ed7b3572d,2025-05-05 20:47:55,DEL-BR2,Delhi,66986666,18078.07,DEPOSIT,FAILED,ACCOUNT_BLOCKED
2b746bdb-45e9-460e-9326-be84aa612bf8,2025-05-05 05:31:31,MUM-BR2,Mumbai,88069904,13302.89,WITHDRAWAL,FAILED,ACCOUNT_BLOCKED
18f3afbf-f781-47a3-98e8-3927a5cd7564,2025-05-07 06:00:25,MUM-BR2,Mumbai,16346461,45789.85,WITHDRAWAL,FAILED,INSUFFICIENT_FUNDS
cf0e2684-5339-4c68-8270-ef7b2b79961f,2025-05-01 23:03:51,DEL-BR3,Delhi,40946834,28285.32,DEPOSIT,FAILED,ACCOUNT_BLOCKED
87e370cc-47c8-457b-8c87-cf84f0e0a648,2025-05-04 16:49:40,MUM-BR5,Mumbai,18786434,28228.34,DEPOSIT,FAILED,INSUFFICIENT_FUNDS
13ee7da4-da20-408e-a4d4-adfba1280c28,2025-05-05 18:03:41,CHE-BR5,Chennai,50616483,39006.8,WITHDRAWAL,FAILED,TECHNICAL_ERROR
20d0b189-7f75-45f8-a516-a6f1c7a6eb71,2025-05-04 00:05:34,MUM-BR2,Mumbai,86252335,1087.08,WITHDRAWAL,FAILED,TECHNICAL_ERROR
350aa481-b2a3-48fb-ab16-bf95bea7968c,2025-05-05 13:19:07,DEL-BR5,Delhi,69756047,49580.95,WITHDRAWAL,FAILED,INSUFFICIENT_FUNDS
8cf3fb54-05e9-485d-b9c0-044d3cf19382,2025-05-04 20:56:55,DEL-BR2,Delhi,60108176,9292.67,WITHDRAWAL,FAILED,TECHNICAL_ERROR
87112a67-228d-4fde-8088-5c70f1564a91,2025-05-05 06:01:27,DEL-BR3,Delhi,29573346,22434.24,DEPOSIT,FAILED,ACCOUNT_BLOCKED
07e341a6-b252-42ec-b604-710c14af0567,2025-05-06 23:24:24,MUM-BR4,Mumbai,28752239,23952.89,DEPOSIT,FAILED,ACCOUNT_BLOCKED
d07d065d-65b2-4e3e-ae6b-1edf82057e30,2025-05-03 01:52:23,CHE-BR3,Chennai,99205079,41481.29,WITHDRAWAL,FAILED,INSUFFICIENT_FUNDS
bff78578-55ad-48ba-b1ce-1dc088c97156,2025-05-01 12:26:49,CHE-BR4,Chennai,42670397,25758.54,WITHDRAWAL,FAILED,TECHNICAL_ERROR
b5a0d5a8-3495-4a8a-8aaa-3e536230b76e,2025-05-06 19:57:52,DEL-BR2,Delhi,38260330,37840.37,DEPOSIT,FAILED,TECHNICAL_ERROR
44e014bc-58a8-49fc-b11d-cbe7ecb1540d,2025-05-05 15:34:43,CHE-BR3,Chennai,73350406,30978.33,DEPOSIT,FAILED,INSUFFICIENT_FUNDS
653e349f-5b0e-44e6-a71a-b37dfb90d52a,2025-05-02 06:16:24,MUM-BR2,Mumbai,87681348,32724.74,DEPOSIT,FAILED,ACCOUNT_BLOCKED
91e879ab-db3d-45a0-8c01-3ba887c96e93,2025-05-05 17:03:30,CHE-BR1,Chennai,90240340,31788.57,DEPOSIT,FAILED,INSUFFICIENT_FUNDS
eaa4c712-6af7-4691-adea-afefa773b3c9,2025-05-07 01:12:51,CHE-BR4,Chennai,99200838,17948.72,DEPOSIT,FAILED,INSUFFICIENT_FUNDS
aa56d408-2bb9-4d17-a34f-4634e4cc6a46,2025-05-02 19:31:40,MUM-BR3,Mumbai,32791297,27033.49,DEPOSIT,FAILED,TECHNICAL_ERROR
e8e57317-bb55-4fa9-821d-337cd68f13a2,2025-05-06 19:40:49,DEL-BR2,Delhi,70762882,10779.73,WITHDRAWAL,FAILED,INSUFFICIENT_FUNDS
6beae157-cdb9-46f2-8463-d7fad630827a,2025-05-04 21:59:22,DEL-BR1,Delhi,27311944,29637.4,DEPOSIT,FAILED,ACCOUNT_BLOCKED
256e65ea-bcbe-4987-b848-7527b96ead75,2025-05-01 21:22:01,CHE-BR2,Chennai,59227905,2930.84,DEPOSIT,FAILED,ACCOUNT_BLOCKED
249549f5-afde-46e2-8764-e76080e6967f,2025-05-02 00:54:35,CHE-BR5,Chennai,17174514,39429.22,WITHDRAWAL,FAILED,INSUFFICIENT_FUNDS
98893fed-5bc1-4d9d-99ca-b40844445381,2025-05-04 04:03:01,DEL-BR4,Delhi,57095837,48746.36,DEPOSIT,FAILED,INSUFFICIENT_FUNDS
4d88049c-38a8-46c8-9118-ae8f0b29e5e4,2025-05-07 11:29:51,CHE-BR5,Chennai,30297454,10810.24,WITHDRAWAL,FAILED,ACCOUNT_BLOCKED
eb582564-42eb-4487-837d-f8f16a88cdc5,2025-05-02 07:52:43,CHE-BR4,Chennai,76930523,14378.52,WITHDRAWAL,FAILED,ACCOUNT_BLOCKED
1bdd1711-cfb0-4670-886e-59d60eb20872,2025-05-06 08:02:54,DEL-BR4,Delhi,58418598,19351.7,WITHDRAWAL,FAILED,ACCOUNT_BLOCKED
2db337c3-b30f-40bc-bbca-cb1926260194,2025-05-07 05:34:38,MUM-BR3,Mumbai,68245093,45502.98,WITHDRAWAL,FAILED,ACCOUNT_BLOCKED
58db40bc-fe04-4295-a49b-e9a9a549e525,2025-05-03 11:24:29,MUM-BR1,Mumbai,23686598,33449.76,DEPOSIT,FAILED,TECHNICAL_ERROR
853510d0-752f-46c7-a822-40df99ef2a71,2025-05-01 21:27:29,MUM-BR2,Mumbai,73382954,49246.33,WITHDRAWAL,FAILED,ACCOUNT_BLOCKED
b719eef7-90fa-4a31-98c0-0d4d663199d1,2025-05-03 16:54:56,MUM-BR5,Mumbai,27880227,13851.42,DEPOSIT,FAILED,ACCOUNT_BLOCKED
bd626cac-9072-4dcc-afa4-29af1726f2f2,2025-05-01 07:12:44,DEL-BR2,Delhi,91080672,42033.97,WITHDRAWAL,FAILED,TECHNICAL_ERROR
c1908bda-61ec-4eb0-bb32-48b3d29f4f8c,2025-05-02 21:00:05,MUM-BR5,Mumbai,16866239,28816.57,WITHDRAWAL,FAILED,ACCOUNT_BLOCKED
9e779e58-6ef4-4abf-bfe1-99b3c63e80db,2025-05-04 03:33:16,CHE-BR2,Chennai,39159931,3191.45,WITHDRAWAL,FAILED,ACCOUNT_BLOCKED
b983fd32-f88e-4a05-9d20-78847b7ea3d5,2025-05-05 07:47:45,MUM-BR4,Mumbai,78324799,43773.18,WITHDRAWAL,FAILED,ACCOUNT_BLOCKED
1881c859-5e81-4102-8529-0bb44f406e3e,2025-05-02 05:12:00,CHE-BR1,Chennai,35199934,16011.65,WITHDRAWAL,FAILED,INSUFFICIENT_FUNDS
08e3ea67-48fc-4948-a682-076e6c6661a5,2025-05-01 13:05:50,CHE-BR1,Chennai,90357973,28894.6,DEPOSIT,FAILED,ACCOUNT_BLOCKED
71011d9f-6f36-4bca-ae31-05415d5a6c10,2025-05-03 19:07:21,CHE-BR1,Chennai,80002123,441.3,WITHDRAWAL,FAILED,INSUFFICIENT_FUNDS
f5ee2a50-5073-47de-a3cc-c79d8b2d1611,2025-05-01 04:05:57,CHE-BR3,Chennai,48674435,20401.79,WITHDRAWAL,FAILED,ACCOUNT_BLOCKED
2a603cf4-6fb3-4dc4-8635-1b4de1976534,2025-05-04 05:45:17,CHE-BR2,Chennai,15506882,382.98,WITHDRAWAL,FAILED,TECHNICAL_ERROR
c2821fbb-f76a-467d-9462-ad65b8e15100,2025-05-05 20:31:02,DEL-BR5,Delhi,29778967,48155.18,WITHDRAWAL,FAILED,TECHNICAL_ERROR
b007a134-3781-4ff7-a866-62cd0189b8ca,2025-05-01 22:50:42,MUM-BR1,Mumbai,43571395,18133.85,WITHDRAWAL,FAILED,INSUFFICIENT_FUNDS
f9a1fd9b-d34c-469f-a5b2-38c079de6bef,2025-05-05 05:01:32,DEL-BR4,Delhi,73555784,18109.94,DEPOSIT,FAILED,TECHNICAL_ERROR
10c07651-5002-49a4-834c-20e45f8ee372,2025-05-02 16:58:40,DEL-BR4,Delhi,72992608,40856.98,DEPOSIT,FAILED,ACCOUNT_BLOCKED
0ff74321-02a9-435a-88b8-655d6617f9f9,2025-05-05 09:14:42,CHE-BR4,Chennai,34300627,29170.07,DEPOSIT,FAILED,INSUFFICIENT_FUNDS
5a63c1f2-19b9-4c3d-8e52-95808a753c3c,2025-05-07 14:58:52,DEL-BR1,Delhi,88054753,30950.36,WITHDRAWAL,FAILED,ACCOUNT_BLOCKED
3736fe67-829f-4d6e-9bfb-dd362e8becdf,2025-05-04 13:53:50,MUM-BR3,Mumbai,89117143,17731.02,DEPOSIT,FAILED,ACCOUNT_BLOCKED
91ddd0f1-cdce-4eaf-b457-c328b394156a,2025-05-05 22:39:14,MUM-BR2,Mumbai,42331154,15203.86,WITHDRAWAL,FAILED,TECHNICAL_ERROR
6f49072f-8078-48c3-94f6-636de2a53402,2025-05-01 08:53:54,CHE-BR5,Chennai,19581783,1715.27,WITHDRAWAL,FAILED,ACCOUNT_BLOCKED
a3772410-0d73-4ef6-8f65-863a4feaa921,2025-05-05 03:51:10,CHE-BR4,Chennai,53786255,1433.2,WITHDRAWAL,FAILED,ACCOUNT_BLOCKED
5e01a524-9f9b-4598-adc5-7023cd714996,2025-05-02 03:59:17,MUM-BR3,Mumbai,99142818,38991.92,WITHDRAWAL,FAILED,ACCOUNT_BLOCKED
f164ca0f-9a8c-42c1-b78e-f21d8192def4,2025-05-02 14:37:48,CHE-BR3,Chennai,93820546,25094.68,WITHDRAWAL,FAILED,ACCOUNT_BLOCKED
299dbf81-cbe4-4a5d-9d06-0e780a6c313c,2025-05-05 08:50:18,DEL-BR5,Delhi,33872872,2039.24,WITHDRAWAL,FAILED,TECHNICAL_ERROR
9a7a00e5-f01c-4ef9-ac70-6fa20ffe269a,2025-05-05 07:33:25,CHE-BR2,Chennai,38320128,20375.85,DEPOSIT,FAILED,INSUFFICIENT_FUNDS
f9e7da75-9f50-4c80-a692-ebe55ae7176d,2025-05-04 19:00:00,CHE-BR5,Chennai,29643446,6505.57,WITHDRAWAL,FAILED,TECHNICAL_ERROR
8907b200-aee4-49d5-a874-fe636a6d867e,2025-05-05 13:09:21,CHE-BR2,Chennai,47817037,10790.52,WITHDRAWAL,FAILED,TECHNICAL_ERROR
a54558e7-30e8-4591-b4ad-fa039483a699,2025-05-06 15:08:58,DEL-BR3,Delhi,23252509,19178.51,WITHDRAWAL,FAILED,TECHNICAL_ERROR
68091b36-636f-4912-a490-b447716c9ed9,2025-05-07 01:53:53,CHE-BR1,Chennai,76125557,21081.04,DEPOSIT,FAILED,ACCOUNT_BLOCKED
1af13953-3731-4153-8e41-af0465bd0dc0,2025-05-03 23:36:39,DEL-BR4,Delhi,22487842,8884.4,DEPOSIT,FAILED,TECHNICAL_ERROR
c17830c2-9d07-4cd3-bfb1-2b3959fd975f,2025-05-05 12:45:28,DEL-BR1,Delhi,66862047,28623.97,WITHDRAWAL,FAILED,TECHNICAL_ERROR
4c611e9e-a3a3-4808-911c-4cab4fbddd14,2025-05-04 20:17:06,CHE-BR5,Chennai,73016860,22101.11,DEPOSIT,FAILED,TECHNICAL_ERROR
275c6f8c-fa7e-4eeb-9f07-fe4639303620,2025-05-02 00:40:37,CHE-BR5,Chennai,17633561,37209.5,WITHDRAWAL,FAILED,INSUFFICIENT_FUNDS
4d5ebbd4-9153-45d7-a969-4eced578247a,2025-05-04 11:36:49,CHE-BR2,Chennai,67682848,18483.79,WITHDRAWAL,FAILED,ACCOUNT_BLOCKED
6b8066b9-ac39-4a89-9e94-a1d6292cc2a7,2025-05-07 10:34:28,DEL-BR5,Delhi,65381416,9398.55,DEPOSIT,FAILED,ACCOUNT_BLOCKED
7880998a-8af5-47e5-b806-891e2029f82a,2025-05-05 12:14:17,MUM-BR5,Mumbai,39384918,45047.59,WITHDRAWAL,FAILED,ACCOUNT_BLOCKED
365e6bd1-5b42-43a5-8a9c-21bde84f5a30,2025-05-03 06:40:39,CHE-BR2,Chennai,18921992,10602.82,DEPOSIT,FAILED,ACCOUNT_BLOCKED
e981cbdd-be3a-43c9-a188-43be4b7b5b36,2025-05-06 14:18:55,DEL-BR1,Delhi,71369678,12891.59,WITHDRAWAL,FAILED,TECHNICAL_ERROR
dd109306-e196-4549-989b-906d9024c438,2025-05-05 06:05:34,CHE-BR2,Chennai,78520032,28701.48,WITHDRAWAL,FAILED,TECHNICAL_ERROR
3fb82a69-8d62-4785-bf15-3e5d4f3dbf6a,2025-05-04 17:14:22,MUM-BR2,Mumbai,59232696,1304.96,DEPOSIT,FAILED,ACCOUNT_BLOCKED
56d0d8e7-0fc0-47ee-81ce-4ca3b6b0c8cb,2025-05-01 03:34:36,CHE-BR3,Chennai,79368852,7435.89,DEPOSIT,FAILED,ACCOUNT_BLOCKED
686ee099-cfe3-40a5-bde1-cc31aeee7a36,2025-05-07 05:06:11,CHE-BR1,Chennai,95799126,8834.23,DEPOSIT,FAILED,INSUFFICIENT_FUNDS
5037eb59-9f61-46af-a960-96d57b490684,2025-05-05 15:14:47,MUM-BR1,Mumbai,45840317,43935.98,WITHDRAWAL,FAILED,INSUFFICIENT_FUNDS
73c5d034-54ae-4ace-9b0d-24812a002c08,2025-05-03 07:21:57,MUM-BR1,Mumbai,72878290,12652.1,WITHDRAWAL,FAILED,INSUFFICIENT_FUNDS
c7a5f40a-fde4-41ae-89eb-dff6c1b63435,2025-05-02 19:33:03,CHE-BR1,Chennai,75461956,15579.63,WITHDRAWAL,FAILED,INSUFFICIENT_FUNDS
3df9bb3d-c7b9-4eda-95ee-b51b201afd69,2025-05-04 19:52:46,DEL-BR1,Delhi,97302761,16380.43,WITHDRAWAL,FAILED,TECHNICAL_ERROR
af762e8d-78f0-4bcd-9709-dd81d9092367,2025-05-06 08:44:27,CHE-BR4,Chennai,71602840,41979.83,WITHDRAWAL,FAILED,ACCOUNT_BLOCKED
032f67b8-e702-4799-ad70-39876dbef3a9,2025-05-06 01:38:51,MUM-BR3,Mumbai,13928553,3388.66,WITHDRAWAL,FAILED,ACCOUNT_BLOCKED
857efaa7-52db-488a-9593-7a5d73d88752,2025-05-02 17:32:08,DEL-BR1,Delhi,64500515,13223.39,WITHDRAWAL,FAILED,INSUFFICIENT_FUNDS
61126f57-799d-4ebd-8407-bab69351a1a7,2025-05-01 22:06:51,MUM-BR4,Mumbai,21391240,15508.59,WITHDRAWAL,FAILED,INSUFFICIENT_FUNDS
ba1ac566-dbdf-4e4f-a3e5-f364368cfcea,2025-05-04 04:06:34,CHE-BR3,Chennai,24246836,7543.65,WITHDRAWAL,FAILED,ACCOUNT_BLOCKED
4a1849a4-cd78-462b-b3a6-d32ea440757c,2025-05-01 22:18:56,DEL-BR4,Delhi,16334054,26860.23,DEPOSIT,FAILED,INSUFFICIENT_FUNDS
9db210e9-a26c-4bde-9e4d-a9cf2731c2b1,2025-05-03 23:34:26,DEL-BR2,Delhi,27592822,11997.02,WITHDRAWAL,FAILED,TECHNICAL_ERROR
5880046c-ccd8-446a-9598-54addc4dd943,2025-05-02 22:40:17,MUM-BR3,Mumbai,25278435,1889.93,DEPOSIT,FAILED,INSUFFICIENT_FUNDS
aecb3e91-16fd-40c3-bcb2-1a554e24f76d,2025-05-04 15:36:58,CHE-BR5,Chennai,26196834,48872.99,WITHDRAWAL,FAILED,ACCOUNT_BLOCKED
2ad86cbc-a287-424e-9140-3ac7cb2bc9bf,2025-05-05 06:15:37,MUM-BR2,Mumbai,67075238,41058.64,DEPOSIT,FAILED,ACCOUNT_BLOCKED
8b9e1308-0d3b-44f3-9188-c3a00d2f832d,2025-05-02 11:20:48,DEL-BR3,Delhi,63134005,47636.45,DEPOSIT,FAILED,ACCOUNT_BLOCKED
f4520154-ed33-4743-a718-a27893557257,2025-05-05 00:08:58,CHE-BR1,Chennai,38151352,15312.39,DEPOSIT,FAILED,TECHNICAL_ERROR
42bf1b0b-014b-418b-a082-e89c755f1615,2025-05-01 07:49:09,CHE-BR1,Chennai,52754013,2700.25,WITHDRAWAL,FAILED,ACCOUNT_BLOCKED
2e8053f3-f7ee-43c0-9366-2fc3b15b06a8,2025-05-01 12:02:03,DEL-BR4,Delhi,68368211,3124.87,WITHDRAWAL,FAILED,ACCOUNT_BLOCKED
aded71d9-c223-4dbf-a7a2-3efb36080755,2025-05-06 00:01:32,DEL-BR4,Delhi,94158631,10460.46,WITHDRAWAL,FAILED,INSUFFICIENT_FUNDS
752c3f52-ab84-4bf1-9ca5-97df03cb8404,2025-05-05 13:22:40,MUM-BR4,Mumbai,48064291,21390.09,WITHDRAWAL,FAILED,ACCOUNT_BLOCKED
8f1cad4d-d8bb-4c1d-8477-be8e379ed7a9,2025-05-07 15:45:59,CHE-BR4,Chennai,86447410,14407.97,WITHDRAWAL,FAILED,INSUFFICIENT_FUNDS
147d50b8-d1db-4db7-9906-a6efb27e729b,2025-05-05 23:59:43,CHE-BR2,Chennai,43688326,17925.65,WITHDRAWAL,FAILED,TECHNICAL_ERROR
0504afe6-6636-495a-93d7-466b0843e6c0,2025-05-03 09:21:59,MUM-BR4,Mumbai,76621392,3794.04,DEPOSIT,FAILED,INSUFFICIENT_FUNDS
d6d9a04e-af29-4cbc-9d54-7f158f81da72,2025-05-06 23:35:40,MUM-BR4,Mumbai,16805592,48347.49,DEPOSIT,FAILED,INSUFFICIENT_FUNDS
e50dd00b-65f5-44f7-901f-82a071f1a654,2025-05-03 20:44:31,MUM-BR2,Mumbai,25782269,22412.31,WITHDRAWAL,FAILED,INSUFFICIENT_FUNDS
c1f71034-4dc0-433d-9757-3b92eae3cc19,2025-05-01 21:59:16,CHE-BR4,Chennai,96357666,27417.42,WITHDRAWAL,FAILED,TECHNICAL_ERROR
bfe76b35-fe6b-42cb-beed-238876b45481,2025-05-06 08:26:36,DEL-BR5,Delhi,40445431,31764.17,DEPOSIT,FAILED,ACCOUNT_BLOCKED
1bb6c88d-182b-4446-80b5-139b518d8c89,2025-05-02 08:46:04,CHE-BR1,Chennai,41172668,24710.38,WITHDRAWAL,FAILED,TECHNICAL_ERROR
5dad7287-a2ba-4e4b-93ec-35d56ce33d1a,2025-05-06 03:31:34,MUM-BR3,Mumbai,91438211,6936.41,DEPOSIT,FAILED,INSUFFICIENT_FUNDS
8ee92b95-def5-4623-b1c2-89cc7152b248,2025-05-04 23:57:08,DEL-BR3,Delhi,20434489,27751.68,DEPOSIT,FAILED,INSUFFICIENT_FUNDS
1a8cd275-d57a-48a7-8b33-66888c7959fc,2025-05-05 01:48:28,DEL-BR2,Delhi,14585585,21310.51,DEPOSIT,FAILED,ACCOUNT_BLOCKED
bf5d4975-54a5-4258-8540-3601edcd0b76,2025-05-01 02:47:58,DEL-BR2,Delhi,90876462,47949.33,DEPOSIT,FAILED,ACCOUNT_BLOCKED
fa5d97ba-1811-4bfc-b7a0-73cefd5b0820,2025-05-01 07:08:42,MUM-BR2,Mumbai,51323022,31202.07,DEPOSIT,FAILED,ACCOUNT_BLOCKED
d7b3361b-0e4f-41c7-bce1-34078a9d4416,2025-05-03 09:54:13,CHE-BR1,Chennai,45099108,16732.91,DEPOSIT,FAILED,INSUFFICIENT_FUNDS
7164c42b-d4de-4e69-9878-d7283b738cbd,2025-05-01 02:53:51,CHE-BR2,Chennai,92362104,24177.5,WITHDRAWAL,FAILED,INSUFFICIENT_FUNDS
e622bf1b-5a60-45a3-af3c-e2c657f6c409,2025-05-03 03:45:19,CHE-BR3,Chennai,39877417,37829.04,WITHDRAWAL,FAILED,ACCOUNT_BLOCKED
f13b8b80-7ca1-43cc-8d31-cd7909c72771,2025-05-04 23:00:32,DEL-BR4,Delhi,68160995,33133.69,WITHDRAWAL,FAILED,ACCOUNT_BLOCKED
59b24cd9-6b7a-492e-b9f5-1f7c5252986b,2025-05-02 20:45:45,MUM-BR1,Mumbai,81919001,34475.67,DEPOSIT,FAILED,INSUFFICIENT_FUNDS
17a54847-ee74-49a6-b0ed-14a02a19587d,2025-05-03 22:35:30,MUM-BR1,Mumbai,92062991,36489.68,DEPOSIT,FAILED,TECHNICAL_ERROR
98ea09cd-10ac-4a12-bd38-598aff2962c8,2025-05-05 22:46:53,MUM-BR1,Mumbai,31184601,48779.56,DEPOSIT,FAILED,INSUFFICIENT_FUNDS
11244b6f-4dd2-40de-9296-91e8d04a3626,2025-05-01 23:32:39,MUM-BR3,Mumbai,32481101,39847.63,DEPOSIT,FAILED,INSUFFICIENT_FUNDS
14f8db3f-c9e0-4c17-a717-de0652b45753,2025-05-02 06:52:17,DEL-BR2,Delhi,10513647,6483.09,DEPOSIT,FAILED,ACCOUNT_BLOCKED
db4e8d34-af5f-498e-832f-2c979415f8f1,2025-05-06 02:44:30,MUM-BR3,Mumbai,38641201,30037.34,WITHDRAWAL,FAILED,INSUFFICIENT_FUNDS
f0323fd6-7170-48f9-9041-c43bbde1543a,2025-05-01 05:37:16,MUM-BR3,Mumbai,82512366,20780.7,WITHDRAWAL,FAILED,ACCOUNT_BLOCKED
723122e2-5e04-4f5a-89ab-0f30ad3844eb,2025-05-01 22:10:54,CHE-BR3,Chennai,28968729,49463.52,DEPOSIT,FAILED,ACCOUNT_BLOCKED
026a1221-fd78-40b3-af7b-3e3d4f57dac9,2025-05-02 06:08:05,CHE-BR4,Chennai,57464211,11980.22,WITHDRAWAL,FAILED,ACCOUNT_BLOCKED
0321e509-8cba-4075-ac5f-968d6145bfb0,2025-05-02 08:05:38,DEL-BR1,Delhi,75053916,22555.35,WITHDRAWAL,FAILED,INSUFFICIENT_FUNDS
19389742-0ca8-4f1d-8321-b82133bc51a6,2025-05-07 11:59:30,MUM-BR5,Mumbai,84975571,43884.89,WITHDRAWAL,FAILED,INSUFFICIENT_FUNDS
b196c965-184c-446b-8d09-594d9097897a,2025-05-05 20:38:19,MUM-BR1,Mumbai,32554205,17546.81,DEPOSIT,FAILED,ACCOUNT_BLOCKED
eda48d5c-1908-46f2-a341-979693b31897,2025-05-06 20:03:08,CHE-BR4,Chennai,19537805,47644.26,DEPOSIT,FAILED,INSUFFICIENT_FUNDS
4ee54bfe-fbb9-4d61-a2f5-c9fda7031962,2025-05-07 11:19:52,MUM-BR4,Mumbai,90179120,7598.38,WITHDRAWAL,FAILED,INSUFFICIENT_FUNDS
00740d54-b4b6-43bd-b03a-51c8455306c8,2025-05-07 13:59:25,DEL-BR5,Delhi,36743962,32380.27,DEPOSIT,FAILED,TECHNICAL_ERROR
17821c96-7c89-4985-99a9-3f610dfca608,2025-05-03 14:23:20,DEL-BR4,Delhi,21557833,38701.41,DEPOSIT,FAILED,TECHNICAL_ERROR
9acd4b24-478e-49bb-9fab-bbf4c2727485,2025-05-06 14:55:51,CHE-BR4,Chennai,85656157,30165.07,WITHDRAWAL,FAILED,ACCOUNT_BLOCKED
4166e91d-9099-4d2f-a9d9-a4b8fa1d5d56,2025-05-06 01:50:56,DEL-BR2,Delhi,35736186,19172.9,WITHDRAWAL,FAILED,TECHNICAL_ERROR
02fa23c8-b0a3-486f-ad30-a479f42b5bb0,2025-05-06 17:14:28,MUM-BR5,Mumbai,82229960,31919.48,DEPOSIT,FAILED,ACCOUNT_BLOCKED
f3afe199-474f-40e5-97b2-1c4da30a6d14,2025-05-07 11:23:04,MUM-BR3,Mumbai,62949051,1180.21,WITHDRAWAL,FAILED,TECHNICAL_ERROR
bf19f22f-8225-49ac-8125-21d571f7e423,2025-05-06 14:02:42,MUM-BR2,Mumbai,56302736,25003.21,WITHDRAWAL,FAILED,ACCOUNT_BLOCKED
29e8e2fb-087f-42ef-b457-a8a96280eb43,2025-05-06 01:27:21,DEL-BR2,Delhi,25333533,25520.27,DEPOSIT,FAILED,INSUFFICIENT_FUNDS
84c3301d-edcf-4e75-a2f3-051476cea37e,2025-05-01 08:00:55,CHE-BR5,Chennai,59815208,10484.94,WITHDRAWAL,FAILED,TECHNICAL_ERROR
8b2ea229-695d-4b85-abe4-acce3744c642,2025-05-04 14:05:54,DEL-BR3,Delhi,10923693,15305.05,WITHDRAWAL,FAILED,ACCOUNT_BLOCKED
aad95c8d-d646-4271-8473-0c3c71911032,2025-05-01 03:13:37,MUM-BR5,Mumbai,15882850,4451.04,WITHDRAWAL,FAILED,ACCOUNT_BLOCKED
7358288c-c9ba-468d-8049-fdc6f4aa0c40,2025-05-06 03:34:37,MUM-BR2,Mumbai,13254989,16549.82,WITHDRAWAL,FAILED,INSUFFICIENT_FUNDS
6bf63f72-4b73-42e1-a75f-efb72bb651a1,2025-05-01 15:27:08,CHE-BR1,Chennai,55311938,32586.01,WITHDRAWAL,FAILED,ACCOUNT_BLOCKED
12c112a9-f79c-45d7-9756-6a3974035f7a,2025-05-03 05:34:48,MUM-BR5,Mumbai,75441347,45651.57,WITHDRAWAL,FAILED,TECHNICAL_ERROR
54bed9c8-0fdc-4319-8d7d-7e9bf1b55fae,2025-05-02 14:17:23,DEL-BR1,Delhi,87647262,43881.08,WITHDRAWAL,FAILED,ACCOUNT_BLOCKED
922988d7-d249-410b-8ebb-89299d983b0d,2025-05-07 01:26:31,MUM-BR3,Mumbai,83828207,31808.09,DEPOSIT,FAILED,TECHNICAL_ERROR
6864576a-8cc4-419a-8065-5542ee36596d,2025-05-04 04:25:52,MUM-BR1,Mumbai,76425180,39901.6,DEPOSIT,FAILED,INSUFFICIENT_FUNDS
dcb6d7dd-8f07-4468-a790-b4f93d559234,2025-05-01 01:01:06,MUM-BR4,Mumbai,95821721,4354.46,DEPOSIT,FAILED,ACCOUNT_BLOCKED
d8830279-eee0-4eae-999a-205efda739c7,2025-05-06 07:03:04,CHE-BR2,Chennai,48702422,43515.02,DEPOSIT,FAILED,TECHNICAL_ERROR
8f99be25-0a14-4854-a71a-3e7a751cb196,2025-05-02 21:29:34,DEL-BR2,Delhi,96697432,6661.63,WITHDRAWAL,FAILED,INSUFFICIENT_FUNDS
7d3c502f-d9b0-4f08-b5f2-dd636e392783,2025-05-06 10:31:45,MUM-BR2,Mumbai,59333395,7827.44,DEPOSIT,FAILED,TECHNICAL_ERROR
8bbdba77-942d-4464-957b-57fcc1d266a2,2025-05-07 06:17:03,CHE-BR3,Chennai,80915988,14188.84,WITHDRAWAL,FAILED,INSUFFICIENT_FUNDS
480ed457-7877-4a3e-9715-69991af7f673,2025-05-06 08:19:14,CHE-BR5,Chennai,36992397,33450.2,DEPOSIT,FAILED,TECHNICAL_ERROR
ba200191-1d5a-4611-bc66-cbada9fbad53,2025-05-02 11:24:05,MUM-BR2,Mumbai,13456542,16944.59,WITHDRAWAL,FAILED,ACCOUNT_BLOCKED
aed43659-4c85-4839-afb5-3a514b806a12,2025-05-05 13:13:23,CHE-BR1,Chennai,63521512,17177.26,DEPOSIT,FAILED,TECHNICAL_ERROR
554bd984-7a0d-4787-928e-3c8a69611edb,2025-05-05 21:00:12,MUM-BR2,Mumbai,31230442,15043.73,WITHDRAWAL,FAILED,ACCOUNT_BLOCKED
e7a7a9d7-d5bc-4e5a-92d7-4b32ecac3d75,2025-05-02 03:49:13,CHE-BR2,Chennai,51190879,25886.66,DEPOSIT,FAILED,INSUFFICIENT_FUNDS
d65bd3d6-bde5-418b-bf93-23840e45eed1,2025-05-07 14:27:51,DEL-BR5,Delhi,17065356,29611.74,DEPOSIT,FAILED,ACCOUNT_BLOCKED
cc43e10c-a2fd-4b21-afec-536cc56fd410,2025-05-02 18:49:18,DEL-BR1,Delhi,86691531,46489.21,DEPOSIT,FAILED,INSUFFICIENT_FUNDS
2ab22580-0fb7-4d66-bdca-cd93f282976e,2025-05-07 13:17:47,MUM-BR5,Mumbai,87814075,9731.81,WITHDRAWAL,FAILED,INSUFFICIENT_FUNDS
811abf6c-81e7-41da-98da-546cbf8da14c,2025-05-05 02:12:59,CHE-BR3,Chennai,95035989,36618.49,WITHDRAWAL,FAILED,ACCOUNT_BLOCKED
5d8be377-04e3-446a-976d-d526a8058eee,2025-05-05 02:23:23,CHE-BR2,Chennai,25782165,3954.3,DEPOSIT,FAILED,ACCOUNT_BLOCKED
0d1eff75-4471-491f-ab15-7d4085285612,2025-05-05 08:49:12,CHE-BR3,Chennai,58823367,41930.31,WITHDRAWAL,FAILED,TECHNICAL_ERROR
5dd80617-bf92-45f4-8fd8-ef9343d0d27f,2025-05-02 12:15:42,DEL-BR2,Delhi,36556794,19087.8,WITHDRAWAL,FAILED,INSUFFICIENT_FUNDS
7611003c-ee14-436f-8593-6d4d4ec9f8ef,2025-05-02 03:27:07,CHE-BR3,Chennai,61512274,48969.71,WITHDRAWAL,FAILED,ACCOUNT_BLOCKED
1cff02df-0e21-43cf-81b5-2fa564d5091a,2025-05-05 13:37:02,CHE-BR1,Chennai,25577717,6394.73,DEPOSIT,FAILED,ACCOUNT_BLOCKED
c0a06d62-6ee3-486b-a318-8bdb847640ba,2025-05-03 23:23:11,MUM-BR4,Mumbai,16360701,34167.12,DEPOSIT,FAILED,TECHNICAL_ERROR
36451099-080d-4f52-8ef3-630e1b992cb5,2025-05-01 10:45:04,CHE-BR2,Chennai,59597700,45200.17,DEPOSIT,FAILED,TECHNICAL_ERROR
37f8c653-fa2e-466a-b2a8-6b71fcb4284c,2025-05-03 10:56:50,CHE-BR1,Chennai,55174933,32207.51,WITHDRAWAL,FAILED,TECHNICAL_ERROR
dad2a7f0-70c7-4d7f-9bf3-a70c2c2a92ba,2025-05-04 17:37:31,CHE-BR3,Chennai,70947257,2944.47,WITHDRAWAL,FAILED,INSUFFICIENT_FUNDS
4d544a08-9c3d-4283-abb5-822933287901,2025-05-03 05:22:56,CHE-BR1,Chennai,42175704,4462.58,DEPOSIT,FAILED,TECHNICAL_ERROR
f59034a6-8cef-42bf-b809-b7d3b354ef9c,2025-05-06 11:44:51,DEL-BR3,Delhi,83247170,31428.98,WITHDRAWAL,FAILED,TECHNICAL_ERROR
f24be968-5be0-4e27-8fb9-bb622e274619,2025-05-02 02:01:51,DEL-BR5,Delhi,82475355,14352.37,WITHDRAWAL,FAILED,ACCOUNT_BLOCKED
c6f3a488-c88e-45ce-bfc2-008fbd04598e,2025-05-05 14:31:31,DEL-BR3,Delhi,79744281,43052.6,WITHDRAWAL,FAILED,TECHNICAL_ERROR
b7562b61-a03f-4d85-8b24-8b9cd168bf25,2025-05-06 18:27:37,MUM-BR3,Mumbai,41204506,45372.97,WITHDRAWAL,FAILED,INSUFFICIENT_FUNDS
89b8d12f-4cb6-4fe7-90b6-684c5e01f681,2025-05-06 22:55:31,MUM-BR5,Mumbai,29015284,8519.22,WITHDRAWAL,FAILED,ACCOUNT_BLOCKED
d6c6c97f-f155-416f-9549-4a9a35c37c47,2025-05-04 05:34:45,CHE-BR1,Chennai,83024378,27586.15,WITHDRAWAL,FAILED,INSUFFICIENT_FUNDS
034cd3a3-8731-4769-89d9-6e80fa69cfde,2025-05-01 06:21:33,MUM-BR2,Mumbai,88448357,41544.78,WITHDRAWAL,FAILED,ACCOUNT_BLOCKED
638b79bf-884c-469f-bdf3-395b382057a6,2025-05-03 15:34:09,MUM-BR1,Mumbai,29161248,29347.04,WITHDRAWAL,FAILED,TECHNICAL_ERROR
182db9c7-b77c-42dd-a4be-0aa26299338d,2025-05-02 10:16:47,DEL-BR1,Delhi,92760752,23113.57,DEPOSIT,FAILED,ACCOUNT_BLOCKED
d84bfeb2-bb01-4a5c-b87d-7cad9d61d063,2025-05-04 01:45:51,DEL-BR5,Delhi,10917603,27885.51,DEPOSIT,FAILED,ACCOUNT_BLOCKED
1750ac95-61f5-4b8f-9992-e1306a595035,2025-05-05 21:32:12,DEL-BR2,Delhi,14299266,37172.47,DEPOSIT,FAILED,ACCOUNT_BLOCKED
8459821c-800f-4d0e-903d-e6cbf8069b3a,2025-05-03 19:55:24,CHE-BR2,Chennai,29301318,33062.91,WITHDRAWAL,FAILED,ACCOUNT_BLOCKED
ce5bec46-341e-4718-b13b-b2451fea247d,2025-05-05 11:09:58,MUM-BR4,Mumbai,15279056,976.87,WITHDRAWAL,FAILED,TECHNICAL_ERROR
226770f6-c450-4125-aeba-8134ed64f728,2025-05-04 05:40:36,MUM-BR1,Mumbai,59687587,49889.95,DEPOSIT,FAILED,INSUFFICIENT_FUNDS
0ae7fcbf-d4f7-4b65-b805-c3b3eb153328,2025-05-04 07:04:14,MUM-BR4,Mumbai,61025772,40013.24,WITHDRAWAL,FAILED,INSUFFICIENT_FUNDS
8d812d86-476a-459a-8ede-20fe90c7249a,2025-05-01 07:17:05,MUM-BR4,Mumbai,47851240,41939.51,WITHDRAWAL,FAILED,ACCOUNT_BLOCKED
e190506f-b14a-466a-b122-085f69dc9936,2025-05-04 02:31:02,MUM-BR1,Mumbai,22220430,8709.94,DEPOSIT,FAILED,ACCOUNT_BLOCKED
064c70e6-fae2-4452-83e9-06c38f215d50,2025-05-04 19:05:03,CHE-BR5,Chennai,66199073,10418.85,WITHDRAWAL,FAILED,INSUFFICIENT_FUNDS
26bffbfd-d28b-4f83-afd1-3ebe4510264a,2025-05-03 22:32:17,MUM-BR5,Mumbai,30237995,21955.45,WITHDRAWAL,FAILED,INSUFFICIENT_FUNDS
bec91052-e1cb-441a-a096-db4ad5d80695,2025-05-04 04:49:11,CHE-BR1,Chennai,81261443,3042.51,DEPOSIT,FAILED,TECHNICAL_ERROR
568e60a6-4d93-470f-ad4d-98b2e6516f85,2025-05-02 15:20:12,MUM-BR5,Mumbai,44249411,47878.37,WITHDRAWAL,FAILED,TECHNICAL_ERROR
0867ac61-b345-42c9-a324-412cbfcee14d,2025-05-07 00:41:56,DEL-BR5,Delhi,68738640,11505.57,WITHDRAWAL,FAILED,TECHNICAL_ERROR
ec0fcd98-575f-43f0-8f3c-2bd2f742774e,2025-05-06 08:00:15,CHE-BR5,Chennai,89181388,25797.3,WITHDRAWAL,FAILED,INSUFFICIENT_FUNDS
d7607b46-5f3f-4691-8589-966c9273af42,2025-05-02 12:33:34,MUM-BR4,Mumbai,35828409,32648.5,WITHDRAWAL,FAILED,INSUFFICIENT_FUNDS
c8e4ee17-1c49-49bf-908f-6d02b3cde292,2025-05-03 01:58:55,DEL-BR2,Delhi,82755047,8198.12,WITHDRAWAL,FAILED,TECHNICAL_ERROR
a3f3d921-8799-4a8c-9438-f99167dac42b,2025-05-05 03:00:02,DEL-BR1,Delhi,39230286,34817.27,WITHDRAWAL,FAILED,TECHNICAL_ERROR
71e4f4bf-3955-4c59-8a73-80f7c55c5c6f,2025-05-02 22:34:17,DEL-BR2,Delhi,80801627,5148.03,WITHDRAWAL,FAILED,INSUFFICIENT_FUNDS
745de67b-dcb0-418d-a4c6-47027bfa8240,2025-05-06 18:04:03,CHE-BR1,Chennai,57594658,17859.56,DEPOSIT,FAILED,TECHNICAL_ERROR
785526bf-b36b-4767-83b1-a08b29c43922,2025-05-02 14:53:24,CHE-BR3,Chennai,94037676,27300.25,DEPOSIT,FAILED,INSUFFICIENT_FUNDS
9b4453f3-cfff-47e5-a5ac-cd114b018c0a,2025-05-06 03:07:54,CHE-BR3,Chennai,64997750,5410.53,WITHDRAWAL,FAILED,INSUFFICIENT_FUNDS
32df4b35-0fe8-4f20-ae95-2adc3887e10f,2025-05-05 13:29:12,MUM-BR4,Mumbai,54525139,35382.3,WITHDRAWAL,FAILED,TECHNICAL_ERROR
a9c6833e-97bb-4204-82b3-9b0b1d227ac0,2025-05-03 17:17:37,DEL-BR2,Delhi,70939236,31602.31,DEPOSIT,FAILED,TECHNICAL_ERROR
50246a88-64ec-4ef9-acec-d9f91995d237,2025-05-06 07:24:43,DEL-BR1,Delhi,49477398,33703.18,WITHDRAWAL,FAILED,INSUFFICIENT_FUNDS
026453e5-de32-42c9-8d6b-ff641c890a51,2025-05-04 15:50:12,CHE-BR4,Chennai,56129497,19375.4,DEPOSIT,FAILED,TECHNICAL_ERROR
b0ed2e5d-37db-4308-82a5-1233795f6f0f,2025-05-03 03:03:08,CHE-BR5,Chennai,43951117,38607.59,WITHDRAWAL,FAILED,ACCOUNT_BLOCKED
7118f771-b53b-4c86-9b3b-a4532bdada3a,2025-05-05 06:56:01,CHE-BR4,Chennai,80765224,38766.89,DEPOSIT,FAILED,ACCOUNT_BLOCKED
401a10a7-b16c-4665-8816-de33677b7aa2,2025-05-06 20:41:34,DEL-BR1,Delhi,12352388,37509.75,DEPOSIT,FAILED,ACCOUNT_BLOCKED
7af35d41-cd13-48d1-b1e9-94e0847e4a30,2025-05-06 23:32:58,DEL-BR2,Delhi,38492735,31287.62,DEPOSIT,FAILED,ACCOUNT_BLOCKED
5e1e43f8-39ca-496a-bb91-27cad4eda9a9,2025-05-04 20:04:07,CHE-BR1,Chennai,44393518,44376.34,WITHDRAWAL,FAILED,TECHNICAL_ERROR
bfa5df04-1e02-4539-87de-b67f1ef6168e,2025-05-01 02:14:47,CHE-BR3,Chennai,52623015,22815.42,WITHDRAWAL,FAILED,ACCOUNT_BLOCKED
ce8fbf9c-6b9c-4795-a440-f3cb31cfaff3,2025-05-06 03:43:13,MUM-BR2,Mumbai,87664581,10808.34,DEPOSIT,FAILED,ACCOUNT_BLOCKED
7e42c952-cf6b-4b2c-9660-b2df14c90a0b,2025-05-04 08:01:46,CHE-BR2,Chennai,61141614,32767.99,WITHDRAWAL,FAILED,TECHNICAL_ERROR
57060b8a-4a05-486c-b08d-111e7b3f7e7c,2025-05-06 22:53:37,CHE-BR5,Chennai,11520524,15707.54,DEPOSIT,FAILED,ACCOUNT_BLOCKED
b438cc8d-27fe-4504-86f0-057ce8669985,2025-05-06 05:21:37,MUM-BR4,Mumbai,41809102,29574.9,WITHDRAWAL,FAILED,TECHNICAL_ERROR
68656000-6c1a-46c0-84a4-3b3c10b50c81,2025-05-02 08:19:11,CHE-BR4,Chennai,84317431,39101.87,DEPOSIT,FAILED,TECHNICAL_ERROR
4da94220-673a-4e15-b0ec-b32105e934a4,2025-05-01 10:58:58,MUM-BR4,Mumbai,48789225,43491.65,WITHDRAWAL,FAILED,TECHNICAL_ERROR
9944e9b5-6503-4bbe-b683-172f0d5086f7,2025-05-06 00:16:05,MUM-BR5,Mumbai,24869611,36159.76,DEPOSIT,FAILED,TECHNICAL_ERROR
403bfd89-aafa-43c6-9cfa-3436b22ef823,2025-05-04 20:27:56,CHE-BR3,Chennai,18150733,15233.52,DEPOSIT,FAILED,TECHNICAL_ERROR
0f293b8f-dfe7-48f9-934c-364577b83fdc,2025-05-04 12:50:11,MUM-BR3,Mumbai,34556472,23682.85,DEPOSIT,FAILED,INSUFFICIENT_FUNDS
d623857d-5168-4306-bf06-3d47a84bff7f,2025-05-06 11:26:59,CHE-BR2,Chennai,71303729,22816.17,WITHDRAWAL,FAILED,ACCOUNT_BLOCKED
518ab858-6413-45a0-aeba-b0c4b1af812b,2025-05-02 10:43:12,DEL-BR1,Delhi,61023027,11970.31,WITHDRAWAL,FAILED,TECHNICAL_ERROR
36067f9a-15bf-4e50-85d3-ff28e8a2d5eb,2025-05-06 15:39:58,DEL-BR3,Delhi,98274242,11019.93,WITHDRAWAL,FAILED,ACCOUNT_BLOCKED
b10ca946-540b-4a58-9466-aa0052a1c3ad,2025-05-06 17:54:18,MUM-BR1,Mumbai,14899305,42703.01,WITHDRAWAL,FAILED,TECHNICAL_ERROR
b755bf75-3440-4750-94d2-76b8ca556954,2025-05-04 22:23:50,CHE-BR3,Chennai,23759960,4832.68,WITHDRAWAL,FAILED,INSUFFICIENT_FUNDS
991aae5a-feea-4943-9609-b564e29c05c5,2025-05-05 21:54:47,DEL-BR2,Delhi,52675319,39250.3,DEPOSIT,FAILED,ACCOUNT_BLOCKED
6ef920fd-ad8c-4d8a-8b31-abac4faa0dcb,2025-05-01 20:39:20,DEL-BR4,Delhi,68961016,31074.21,DEPOSIT,FAILED,TECHNICAL_ERROR
2484fe23-2f81-4404-81e5-f5854c7ea913,2025-05-02 19:24:46,CHE-BR2,Chennai,57117098,31470.7,WITHDRAWAL,FAILED,ACCOUNT_BLOCKED
b02c9b20-eb9b-49ab-90bd-f52bef2a0ece,2025-05-02 10:14:22,CHE-BR1,Chennai,26246869,6395.29,DEPOSIT,FAILED,ACCOUNT_BLOCKED
fd535f80-e570-4103-a178-f15c893a1736,2025-05-06 07:47:30,DEL-BR5,Delhi,92863016,13490.44,WITHDRAWAL,FAILED,TECHNICAL_ERROR
d0d63909-2808-45e4-8fb9-403dc6180128,2025-05-04 10:41:43,DEL-BR2,Delhi,22987841,15955.52,WITHDRAWAL,FAILED,ACCOUNT_BLOCKED
d7243302-d64d-47ec-b4f3-b847ed5dafc7,2025-05-07 12:54:32,CHE-BR1,Chennai,86365497,11861.57,DEPOSIT,FAILED,ACCOUNT_BLOCKED
83fb6604-ea9e-444d-9917-fbb5aa79b2c3,2025-05-04 17:13:36,CHE-BR1,Chennai,76441238,44560.27,DEPOSIT,FAILED,ACCOUNT_BLOCKED
b8f52e80-e088-46c8-afae-3217b5350dff,2025-05-03 15:53:45,MUM-BR3,Mumbai,95538097,23655.46,DEPOSIT,FAILED,INSUFFICIENT_FUNDS
75a5d00d-c93e-46a8-9cbe-bfa4793d3345,2025-05-03 04:29:23,MUM-BR1,Mumbai,29083803,6378.96,WITHDRAWAL,FAILED,TECHNICAL_ERROR
cf049b77-d990-4b8f-90c4-f931fd92fcfc,2025-05-03 13:43:31,DEL-BR1,Delhi,26391325,41328.52,WITHDRAWAL,FAILED,TECHNICAL_ERROR
00771c13-586e-4334-b855-aaade3d3a8d9,2025-05-04 03:11:18,DEL-BR1,Delhi,60021166,32428.97,WITHDRAWAL,FAILED,TECHNICAL_ERROR
2efb8708-1101-427c-9afd-5db29c755e04,2025-05-04 21:05:10,DEL-BR2,Delhi,34745537,42785.86,DEPOSIT,FAILED,TECHNICAL_ERROR
c84c20b3-098e-42ab-b836-15533e33fb5a,2025-05-07 04:14:49,DEL-BR3,Delhi,19873916,49376.97,WITHDRAWAL,FAILED,INSUFFICIENT_FUNDS
27a8d453-730b-4af4-9d2a-06946dc62b0b,2025-05-03 17:44:42,DEL-BR2,Delhi,11335029,1186.36,DEPOSIT,FAILED,ACCOUNT_BLOCKED
322e81ca-098b-44c2-bcc6-84af47228971,2025-05-06 23:04:47,DEL-BR2,Delhi,71145040,18650.43,WITHDRAWAL,FAILED,TECHNICAL_ERROR
66faa511-332a-45bc-9699-71d8b1621ccd,2025-05-05 20:44:39,MUM-BR5,Mumbai,49241692,20331.46,WITHDRAWAL,FAILED,INSUFFICIENT_FUNDS
22592d48-0baa-42d4-90c7-534a79f9c538,2025-05-07 16:24:30,MUM-BR3,Mumbai,90425140,48970.07,DEPOSIT,FAILED,TECHNICAL_ERROR
3a101018-f95c-4096-be91-e0462c5ef868,2025-05-01 16:32:24,MUM-BR5,Mumbai,91212210,46262.57,WITHDRAWAL,FAILED,ACCOUNT_BLOCKED
db8f26ed-3483-46c8-b156-dca1ff5c2f72,2025-05-07 15:22:28,CHE-BR1,Chennai,70559949,2647.8,WITHDRAWAL,FAILED,TECHNICAL_ERROR
9c99e514-9c5f-4cc2-9272-7c8e073ad4e8,2025-05-01 09:28:27,DEL-BR4,Delhi,59687054,5456.98,WITHDRAWAL,FAILED,ACCOUNT_BLOCKED
680d38fa-8df3-4126-acbc-22f0e2818060,2025-05-05 18:28:11,DEL-BR1,Delhi,44990606,25922.42,WITHDRAWAL,FAILED,INSUFFICIENT_FUNDS
c08a1236-ed48-4e18-afc1-32bb6d65e28d,2025-05-05 10:18:23,CHE-BR3,Chennai,76087308,12199.84,DEPOSIT,FAILED,INSUFFICIENT_FUNDS
f234a546-17b5-488b-b1b2-c86efbed08cf,2025-05-03 21:51:52,MUM-BR4,Mumbai,68039240,39838.1,WITHDRAWAL,FAILED,INSUFFICIENT_FUNDS
bc6c2b85-b0c5-4ab0-b240-5065d99adbd2,2025-05-04 20:12:02,MUM-BR1,Mumbai,42447264,16928.37,WITHDRAWAL,FAILED,ACCOUNT_BLOCKED
489fc4d8-28c5-4d03-ba15-f17f31cfbfe5,2025-05-07 05:33:49,DEL-BR2,Delhi,99004474,29575.06,WITHDRAWAL,FAILED,ACCOUNT_BLOCKED
f4f8056a-85dc-461d-a2e1-d159ea31c62d,2025-05-01 19:22:14,DEL-BR2,Delhi,48022577,1154.45,WITHDRAWAL,FAILED,TECHNICAL_ERROR
547fe85a-699f-4229-9f45-af712116d298,2025-05-05 14:23:26,CHE-BR3,Chennai,59285949,840.15,DEPOSIT,FAILED,ACCOUNT_BLOCKED
3ac60ff5-3ec9-441d-9268-90cc02e735b8,2025-05-05 08:02:54,DEL-BR2,Delhi,47387144,8698.48,DEPOSIT,FAILED,ACCOUNT_BLOCKED
e5fc046a-97c9-4db5-91bb-bcb5ded617bf,2025-05-01 10:53:23,MUM-BR5,Mumbai,93840466,47689.16,WITHDRAWAL,FAILED,INSUFFICIENT_FUNDS
eb11d498-2289-4a60-a22b-ea23be57ce19,2025-05-01 07:57:06,DEL-BR1,Delhi,70512649,37759.48,WITHDRAWAL,FAILED,ACCOUNT_BLOCKED
7694aac2-1c9e-45cf-b54b-d33941445f6d,2025-05-07 08:59:32,DEL-BR2,Delhi,68569997,46766.01,DEPOSIT,FAILED,ACCOUNT_BLOCKED
64b034e2-8e7d-48bc-8a7a-b0cc11f46409,2025-05-04 05:26:52,DEL-BR3,Delhi,43235618,25112.37,WITHDRAWAL,FAILED,INSUFFICIENT_FUNDS
f6e9e693-1e7e-4bd2-92f4-85352402e879,2025-05-06 14:55:12,MUM-BR1,Mumbai,88018247,33806.41,WITHDRAWAL,FAILED,INSUFFICIENT_FUNDS
423980cf-2917-49f2-aebf-e55354f4e77b,2025-05-05 09:40:57,DEL-BR4,Delhi,64668983,23138.39,DEPOSIT,FAILED,INSUFFICIENT_FUNDS
0e9e6006-ac85-4054-b41c-b28da16bed18,2025-05-03 08:54:24,CHE-BR3,Chennai,86732603,12542.66,WITHDRAWAL,FAILED,TECHNICAL_ERROR
447bcb8f-1c4b-41f1-838f-8680fbc92dfe,2025-05-05 19:51:22,CHE-BR1,Chennai,89122696,30584.99,WITHDRAWAL,FAILED,TECHNICAL_ERROR
6fc1bd56-eba1-4a2b-8e8e-53df77cabd21,2025-05-01 09:51:20,CHE-BR1,Chennai,93616375,18094.78,DEPOSIT,FAILED,TECHNICAL_ERROR
56117f14-3daf-405b-bbc5-964ee856bffc,2025-05-06 11:14:13,CHE-BR1,Chennai,66168219,49012.29,WITHDRAWAL,FAILED,ACCOUNT_BLOCKED
6a6eb8c8-45cf-4942-8fa8-1fac17cb6126,2025-05-06 18:31:58,CHE-BR1,Chennai,56837938,37436.42,DEPOSIT,FAILED,ACCOUNT_BLOCKED
20b83cc1-89b5-406d-95db-2812a77edc58,2025-05-02 12:16:23,CHE-BR5,Chennai,71042849,25436.02,WITHDRAWAL,FAILED,TECHNICAL_ERROR
993b55b1-1243-43f4-bb67-ebc6c26a55a6,2025-05-03 14:13:22,CHE-BR3,Chennai,95198634,4159.43,WITHDRAWAL,FAILED,INSUFFICIENT_FUNDS
ca2b6bf4-87f2-4098-8a0f-a5eae2372f7d,2025-05-01 00:51:41,DEL-BR1,Delhi,46737363,27933.05,DEPOSIT,FAILED,INSUFFICIENT_FUNDS
04b80c3f-657f-4d95-bdf4-19b0f9c21f7f,2025-05-04 10:37:20,DEL-BR5,Delhi,89264145,6566.61,DEPOSIT,FAILED,INSUFFICIENT_FUNDS
f3e6412c-4719-43a6-ad6d-8f07bb5b0261,2025-05-06 13:31:37,CHE-BR2,Chennai,29430350,9899.41,WITHDRAWAL,FAILED,INSUFFICIENT_FUNDS
725993bd-5fd4-4701-aafd-f749ed11068e,2025-05-02 18:21:18,DEL-BR4,Delhi,32268079,48573.41,DEPOSIT,FAILED,TECHNICAL_ERROR
a3883825-26f0-4010-9fee-3ddf0f09c5b6,2025-05-02 02:59:53,DEL-BR1,Delhi,57352215,23351.23,WITHDRAWAL,FAILED,ACCOUNT_BLOCKED
26b50a00-8cb5-4930-bf5b-fe8ad20b05cf,2025-05-05 17:24:39,CHE-BR1,Chennai,91885354,39667.56,DEPOSIT,FAILED,INSUFFICIENT_FUNDS
e26c03bc-b089-4b99-b92c-cc3b99ec38ce,2025-05-01 15:02:04,CHE-BR2,Chennai,54060548,15371.43,DEPOSIT,FAILED,ACCOUNT_BLOCKED
ce23234f-f874-4214-b9f5-1b7e5361ea07,2025-05-04 14:02:27,DEL-BR1,Delhi,83370871,27197.01,DEPOSIT,FAILED,INSUFFICIENT_FUNDS
d3a7fcec-7037-4605-a946-eca02ed8f32f,2025-05-05 21:27:39,CHE-BR4,Chennai,49762488,18289.23,WITHDRAWAL,FAILED,TECHNICAL_ERROR
bc8b7a0e-71fc-4a26-9a59-54ddbc491e75,2025-05-06 04:28:13,DEL-BR2,Delhi,28169919,4502.0,DEPOSIT,FAILED,TECHNICAL_ERROR
2af64e9b-f0ba-41ac-8cfb-42b7e9c1911c,2025-05-04 15:00:23,MUM-BR2,Mumbai,49061315,1696.96,DEPOSIT,FAILED,ACCOUNT_BLOCKED
a9f5c47e-fdb6-4fd8-9b4a-b2d09cc29dfc,2025-05-06 11:37:13,CHE-BR5,Chennai,44856701,4274.55,WITHDRAWAL,FAILED,ACCOUNT_BLOCKED
67cb64d2-5ca4-4105-8dc9-362d8ec44a56,2025-05-06 05:29:00,CHE-BR3,Chennai,80869012,44717.8,DEPOSIT,FAILED,TECHNICAL_ERROR
5e6bf45b-c869-4d1b-b3f4-9982cc1e43b6,2025-05-02 22:43:53,MUM-BR1,Mumbai,47416553,31539.36,WITHDRAWAL,FAILED,ACCOUNT_BLOCKED
2a07c164-50b4-4811-80ce-352c69d7bb10,2025-05-03 11:13:50,CHE-BR1,Chennai,68283070,20812.37,DEPOSIT,FAILED,INSUFFICIENT_FUNDS
fad1472f-a1df-4ce8-9c97-51bf66b46ba4,2025-05-06 10:28:04,MUM-BR5,Mumbai,38772002,12556.86,DEPOSIT,FAILED,ACCOUNT_BLOCKED
f1d16c0e-2da3-4104-be94-2dc033b62f74,2025-05-02 12:02:14,DEL-BR4,Delhi,98372576,6699.93,WITHDRAWAL,FAILED,INSUFFICIENT_FUNDS
df2193d8-e44a-4d5f-bf9f-029e82ac9447,2025-05-01 06:30:59,MUM-BR4,Mumbai,62840040,634.31,DEPOSIT,FAILED,ACCOUNT_BLOCKED
2afb3340-8de4-44dc-9a37-f834d02be069,2025-05-05 05:36:51,CHE-BR5,Chennai,63692055,46106.77,WITHDRAWAL,FAILED,INSUFFICIENT_FUNDS
a0ff00ca-0795-49ce-8245-6f9b0b875c6e,2025-05-06 03:25:50,DEL-BR4,Delhi,85314113,42318.44,WITHDRAWAL,FAILED,ACCOUNT_BLOCKED
1398e4dc-936f-43f2-8551-4b2073327df8,2025-05-05 19:40:06,CHE-BR5,Chennai,77507025,31834.25,WITHDRAWAL,FAILED,INSUFFICIENT_FUNDS
b81aae84-055b-43de-8610-c7d8cf6949a8,2025-05-06 19:18:28,DEL-BR1,Delhi,90578092,9232.99,WITHDRAWAL,FAILED,TECHNICAL_ERROR
e426cb5e-0e9c-44d8-b424-bcb652c74164,2025-05-05 14:53:15,DEL-BR1,Delhi,89734371,6754.09,WITHDRAWAL,FAILED,TECHNICAL_ERROR
65f5e899-7f0e-4d59-b651-320987367999,2025-05-03 13:51:09,MUM-BR4,Mumbai,37854532,23209.99,WITHDRAWAL,FAILED,ACCOUNT_BLOCKED
2b475177-55be-4982-ac2f-ee1a6394c554,2025-05-05 04:35:03,MUM-BR4,Mumbai,87219167,6153.86,DEPOSIT,FAILED,INSUFFICIENT_FUNDS
4241baf8-5312-4067-92a0-716303c7ec1d,2025-05-01 19:36:39,DEL-BR4,Delhi,46145517,9826.8,DEPOSIT,FAILED,INSUFFICIENT_FUNDS
05f9532e-2549-467a-99e1-45da44b8b106,2025-05-07 05:49:51,DEL-BR3,Delhi,75198562,44617.4,WITHDRAWAL,FAILED,TECHNICAL_ERROR
4c31448f-73a6-48e1-b0f3-5242820e0fec,2025-05-02 15:19:26,CHE-BR2,Chennai,37888313,44793.07,DEPOSIT,FAILED,ACCOUNT_BLOCKED
d28a8738-5518-4c18-9291-b2b73ceb9c8b,2025-05-02 10:35:58,DEL-BR5,Delhi,24067722,18713.29,WITHDRAWAL,FAILED,INSUFFICIENT_FUNDS
7d7237db-723d-4666-9d23-0cdcd20ba9f3,2025-05-01 08:20:32,CHE-BR3,Chennai,99265128,41253.14,WITHDRAWAL,FAILED,TECHNICAL_ERROR
4666d399-113c-4d90-a396-653667cf5d5c,2025-05-03 06:49:54,MUM-BR2,Mumbai,72190063,10895.42,DEPOSIT,FAILED,INSUFFICIENT_FUNDS
11745f7a-24d2-44e2-81cf-e9380f9c98a6,2025-05-01 11:42:16,MUM-BR1,Mumbai,74726360,48767.01,DEPOSIT,FAILED,INSUFFICIENT_FUNDS
cddda7b0-0681-401a-aeda-d744064c1358,2025-05-04 08:52:54,MUM-BR2,Mumbai,83772150,14061.33,WITHDRAWAL,FAILED,TECHNICAL_ERROR
249175dc-5604-4083-be03-47d33d1a047f,2025-05-02 18:26:49,DEL-BR2,Delhi,53944370,5032.75,DEPOSIT,FAILED,ACCOUNT_BLOCKED
1f98cfd9-0b43-4e62-ab35-29a0aaa863e3,2025-05-02 01:45:07,MUM-BR3,Mumbai,99562278,13943.39,DEPOSIT,FAILED,TECHNICAL_ERROR
e5724b4b-5aa1-4d9e-bec1-ee0103fb6ba0,2025-05-02 13:24:55,CHE-BR5,Chennai,13999922,16375.38,DEPOSIT,FAILED,ACCOUNT_BLOCKED
6b6dad29-1d2c-4a06-9662-1e9d95d84b42,2025-05-02 14:18:40,MUM-BR2,Mumbai,85610500,17448.95,DEPOSIT,FAILED,TECHNICAL_ERROR
701a4e46-0abe-4bf5-8804-4e323cc31748,2025-05-01 07:35:29,MUM-BR2,Mumbai,81670026,23003.7,WITHDRAWAL,FAILED,INSUFFICIENT_FUNDS
6411eb5e-0f0c-4311-a4d1-ef72ef6447b0,2025-05-04 03:48:56,CHE-BR4,Chennai,79486400,19741.97,DEPOSIT,FAILED,INSUFFICIENT_FUNDS
9eeb3ad5-8c49-4aee-8629-40625beedaa8,2025-05-05 09:43:34,MUM-BR3,Mumbai,80250888,44893.72,DEPOSIT,FAILED,TECHNICAL_ERROR
a3a927ee-f088-42fe-b724-7e7222983dd6,2025-05-04 20:23:56,DEL-BR2,Delhi,94896250,30732.72,WITHDRAWAL,FAILED,TECHNICAL_ERROR
2690d1cf-e2c2-4837-90fe-0d239a412920,2025-05-04 12:54:03,CHE-BR2,Chennai,46294919,18222.25,WITHDRAWAL,FAILED,TECHNICAL_ERROR
ea0e89d0-c2c3-4940-bf3d-ac3a00119699,2025-05-05 23:24:33,DEL-BR3,Delhi,99549616,5905.14,WITHDRAWAL,FAILED,ACCOUNT_BLOCKED
491508c2-d835-41cf-97eb-ddb459d52c79,2025-05-01 08:49:51,MUM-BR5,Mumbai,40674372,24949.48,WITHDRAWAL,FAILED,TECHNICAL_ERROR
4fe9a630-de0d-4a32-8d55-b2174ef67e7a,2025-05-07 02:18:15,CHE-BR5,Chennai,24548165,35449.1,DEPOSIT,FAILED,INSUFFICIENT_FUNDS
5fa46891-5f4e-45e6-8610-82564c03d731,2025-05-05 18:53:30,MUM-BR1,Mumbai,32353848,11372.77,WITHDRAWAL,FAILED,INSUFFICIENT_FUNDS
9d4f93ee-4847-4208-8bb2-d646e11e4786,2025-05-02 13:58:01,CHE-BR1,Chennai,83379326,3330.59,DEPOSIT,FAILED,INSUFFICIENT_FUNDS
d42a699c-42f6-4741-9004-490f18c9ca35,2025-05-05 09:33:35,DEL-BR5,Delhi,19600567,29225.01,DEPOSIT,FAILED,TECHNICAL_ERROR
95e1b783-5a70-40c1-ac36-a4f76287cdca,2025-05-01 00:16:49,DEL-BR3,Delhi,11949142,16799.9,DEPOSIT,FAILED,ACCOUNT_BLOCKED
a8043053-780c-4f01-b35c-7771e36744fb,2025-05-03 06:29:37,MUM-BR4,Mumbai,67357852,31517.37,WITHDRAWAL,FAILED,ACCOUNT_BLOCKED
d31e5f6b-ace7-4aed-ab30-4ce72287c6d0,2025-05-02 13:32:36,DEL-BR3,Delhi,50858128,2650.22,WITHDRAWAL,FAILED,ACCOUNT_BLOCKED
ae55cc80-510a-4528-aa25-69145c8a4e15,2025-05-01 13:25:55,MUM-BR4,Mumbai,25853307,2287.9,DEPOSIT,FAILED,TECHNICAL_ERROR
15353078-6997-45be-9804-45e329b9d659,2025-05-06 17:58:56,MUM-BR1,Mumbai,43204361,22800.26,WITHDRAWAL,FAILED,ACCOUNT_BLOCKED
048fa320-f87e-43eb-881d-17b176e07806,2025-05-06 03:31:05,CHE-BR3,Chennai,81868533,10140.89,WITHDRAWAL,FAILED,TECHNICAL_ERROR
08b376c3-d890-46fa-a9db-3d6fa7d8ec57,2025-05-06 06:47:07,DEL-BR4,Delhi,72940357,36102.68,WITHDRAWAL,FAILED,TECHNICAL_ERROR
1bff5b4f-d30a-4421-9b33-98dc11fa4077,2025-05-02 18:58:41,DEL-BR3,Delhi,86216080,46534.57,WITHDRAWAL,FAILED,TECHNICAL_ERROR
92efec23-8644-4b8d-8fba-2d631c530ce8,2025-05-03 20:10:07,MUM-BR5,Mumbai,43927186,42284.22,DEPOSIT,FAILED,ACCOUNT_BLOCKED
c148aa3f-aba3-4214-bf5e-898b011b66b0,2025-05-02 13:43:14,CHE-BR5,Chennai,26680917,1996.57,DEPOSIT,FAILED,INSUFFICIENT_FUNDS
eabbeb60-97fe-4f76-96c5-6e9c95e4757b,2025-05-06 17:36:42,CHE-BR3,Chennai,71301418,41483.88,WITHDRAWAL,FAILED,INSUFFICIENT_FUNDS
27dc2461-9358-4d6b-8bdc-6d5e6063bf71,2025-05-03 00:51:41,MUM-BR4,Mumbai,64273601,34595.35,WITHDRAWAL,FAILED,TECHNICAL_ERROR
aa77575d-3d1f-43b4-b162-a3420a203903,2025-05-02 00:02:05,CHE-BR4,Chennai,67678471,12866.5,WITHDRAWAL,FAILED,ACCOUNT_BLOCKED
71aca582-a5b7-4539-beb1-3a3fc1560a4a,2025-05-05 10:40:56,CHE-BR2,Chennai,56436027,38926.73,DEPOSIT,FAILED,ACCOUNT_BLOCKED
79eea88a-f766-4253-ada3-cf15ee423d99,2025-05-07 00:53:03,DEL-BR4,Delhi,50433923,20131.63,WITHDRAWAL,FAILED,TECHNICAL_ERROR
52ed12da-9235-4e1a-97d3-2cbac5f5f462,2025-05-04 07:17:01,CHE-BR2,Chennai,35506408,21981.86,DEPOSIT,FAILED,ACCOUNT_BLOCKED
388116df-bead-47e6-9f0b-5d3b3ffdeb6f,2025-05-07 01:57:53,CHE-BR2,Chennai,20864182,4009.11,WITHDRAWAL,FAILED,TECHNICAL_ERROR
a345dab8-7331-4420-b775-c3611b4cbe5b,2025-05-01 00:29:05,CHE-BR3,Chennai,30795041,10775.43,WITHDRAWAL,FAILED,INSUFFICIENT_FUNDS
212a0d8b-c769-4081-af09-7305c5d1fd6f,2025-05-02 08:22:56,CHE-BR1,Chennai,36951055,44955.41,DEPOSIT,FAILED,INSUFFICIENT_FUNDS
78a73765-7ca8-4f15-acf3-91ad9c5d5be0,2025-05-04 17:31:14,CHE-BR5,Chennai,21178967,30868.27,DEPOSIT,FAILED,TECHNICAL_ERROR
6aa415e5-da17-4dbf-aa72-e7cd9536d5c8,2025-05-07 02:43:41,MUM-BR4,Mumbai,71294486,40082.66,WITHDRAWAL,FAILED,INSUFFICIENT_FUNDS
5dc56fc0-57ae-4dcd-b321-f9866d471d21,2025-05-07 10:17:17,DEL-BR4,Delhi,65517970,6039.24,DEPOSIT,FAILED,ACCOUNT_BLOCKED
8fd4068c-d8b5-421c-88b2-765bb621620e,2025-05-06 19:15:00,MUM-BR3,Mumbai,22076784,33881.44,DEPOSIT,FAILED,ACCOUNT_BLOCKED
2d23ef5b-5232-469b-9a4e-efd6038e1a96,2025-05-03 11:38:36,MUM-BR3,Mumbai,41484387,3500.97,DEPOSIT,FAILED,ACCOUNT_BLOCKED
df0645e9-5b90-405a-9204-8d2348ec2636,2025-05-04 02:15:27,MUM-BR5,Mumbai,54191205,13887.33,DEPOSIT,FAILED,INSUFFICIENT_FUNDS
87e9ca4f-de19-451a-adff-78b8499134ac,2025-05-07 10:31:52,DEL-BR5,Delhi,55960696,16469.36,WITHDRAWAL,FAILED,TECHNICAL_ERROR
5de7c624-c64a-4b8a-9ef5-f2ef8edb7768,2025-05-01 10:46:10,MUM-BR2,Mumbai,56903250,3754.63,WITHDRAWAL,FAILED,INSUFFICIENT_FUNDS
f03af546-18e2-47cb-b14a-8625f0609ed8,2025-05-05 06:37:11,CHE-BR4,Chennai,60026080,18905.71,DEPOSIT,FAILED,TECHNICAL_ERROR
04184ecf-4cbe-4681-9488-65a1ac598a5d,2025-05-07 15:21:25,MUM-BR5,Mumbai,74070072,781.54,DEPOSIT,FAILED,ACCOUNT_BLOCKED
1499e3da-a2ca-495e-ac64-40311d2e16f8,2025-05-03 13:54:10,DEL-BR4,Delhi,62034699,7044.21,DEPOSIT,FAILED,ACCOUNT_BLOCKED
20d22163-983e-45e6-aece-1a69dde9131d,2025-05-02 02:03:45,DEL-BR2,Delhi,47915008,32127.97,WITHDRAWAL,FAILED,INSUFFICIENT_FUNDS
f4469424-9945-48bf-a860-c896406932a9,2025-05-07 07:20:57,DEL-BR1,Delhi,39177913,27359.4,WITHDRAWAL,FAILED,INSUFFICIENT_FUNDS
9503c8ca-b46e-45eb-ae62-bef94f96fbd5,2025-05-05 22:56:27,MUM-BR5,Mumbai,46104337,31154.97,WITHDRAWAL,FAILED,TECHNICAL_ERROR
ca6bc9ee-da40-40ca-a0ed-2f9c89a96b69,2025-05-01 08:20:56,DEL-BR3,Delhi,31545504,47555.16,WITHDRAWAL,FAILED,INSUFFICIENT_FUNDS
cc556196-12a6-4227-8576-973e1ba19444,2025-05-01 16:03:52,MUM-BR5,Mumbai,61150646,35120.01,WITHDRAWAL,FAILED,INSUFFICIENT_FUNDS
289952f2-b7eb-4dcd-a33a-eea69b8f557b,2025-05-04 03:47:27,CHE-BR4,Chennai,84260328,17104.57,WITHDRAWAL,FAILED,INSUFFICIENT_FUNDS
eef730d5-d9b7-48e4-a060-6761aded6a54,2025-05-05 01:31:03,CHE-BR5,Chennai,18066862,9956.59,DEPOSIT,FAILED,INSUFFICIENT_FUNDS
285f3385-0669-4736-a4c1-1dba1c6ed5f5,2025-05-01 19:46:35,CHE-BR3,Chennai,85268463,32937.33,DEPOSIT,FAILED,TECHNICAL_ERROR
ce00dd1f-1791-43c9-aef1-f74b8f25eb16,2025-05-03 04:37:57,MUM-BR5,Mumbai,10089514,8418.29,DEPOSIT,FAILED,INSUFFICIENT_FUNDS
d87eb352-d2ab-4f26-9490-5c212c7e5fa1,2025-05-01 08:10:30,CHE-BR1,Chennai,22628647,30130.43,DEPOSIT,FAILED,TECHNICAL_ERROR
9a314bf6-8189-40b5-ad02-b97be56c3568,2025-05-04 13:07:38,DEL-BR1,Delhi,71989456,18964.21,WITHDRAWAL,FAILED,TECHNICAL_ERROR
4a12a0b6-681c-4e96-926d-e049f8981a13,2025-05-06 06:19:02,CHE-BR5,Chennai,17429758,42252.61,DEPOSIT,FAILED,INSUFFICIENT_FUNDS
2ec9d8e4-4100-433c-96ed-6befec9164f6,2025-05-02 23:29:48,CHE-BR1,Chennai,56537215,46278.42,WITHDRAWAL,FAILED,ACCOUNT_BLOCKED
2a488713-670f-4385-b25a-82ec41d1acd3,2025-05-04 02:29:15,CHE-BR1,Chennai,10089853,30070.68,DEPOSIT,FAILED,INSUFFICIENT_FUNDS
c6a14c98-d504-4663-8740-3c4e36ea7c75,2025-05-04 08:18:58,DEL-BR2,Delhi,25987353,43222.25,WITHDRAWAL,FAILED,ACCOUNT_BLOCKED
ac328dea-80aa-453b-a5dc-c46b40485a04,2025-05-05 21:47:36,MUM-BR5,Mumbai,24573560,20285.45,DEPOSIT,FAILED,TECHNICAL_ERROR
ed49e657-41c4-4df0-acec-e39e14f5799c,2025-05-06 00:03:54,CHE-BR2,Chennai,24853059,1238.45,WITHDRAWAL,FAILED,TECHNICAL_ERROR
988c726b-c3c3-460f-858a-c809f79ef8c8,2025-05-02 13:02:46,DEL-BR2,Delhi,61178546,6683.22,WITHDRAWAL,FAILED,INSUFFICIENT_FUNDS
ae89ddcb-b8d8-4f63-9660-15ad6f360edc,2025-05-04 06:23:34,MUM-BR1,Mumbai,46364188,12747.27,WITHDRAWAL,FAILED,TECHNICAL_ERROR
986de883-0eab-463b-bbba-9583f38ff0c5,2025-05-01 06:58:49,CHE-BR2,Chennai,61545811,6882.33,WITHDRAWAL,FAILED,INSUFFICIENT_FUNDS
e8f75a08-4ced-44b6-b2d5-3f73aa86ad9a,2025-05-04 16:29:49,MUM-BR1,Mumbai,28783804,49222.57,WITHDRAWAL,FAILED,ACCOUNT_BLOCKED
bda65bf8-60a8-4090-8f22-45c1276392cf,2025-05-01 02:18:29,DEL-BR5,Delhi,35352480,27223.73,DEPOSIT,FAILED,INSUFFICIENT_FUNDS
a4bba118-a138-4e96-a724-4455ee8231cc,2025-05-02 01:55:32,DEL-BR5,Delhi,87679326,27309.59,DEPOSIT,FAILED,TECHNICAL_ERROR
596da19b-cacc-451c-9ddb-7b4c3129df30,2025-05-04 09:56:11,DEL-BR5,Delhi,85328251,21288.56,WITHDRAWAL,FAILED,ACCOUNT_BLOCKED
cdaba7d7-7ce3-494b-be29-5f0b1bade047,2025-05-06 12:05:20,DEL-BR1,Delhi,10806784,1356.61,WITHDRAWAL,FAILED,INSUFFICIENT_FUNDS
e560ccf3-c633-405c-abb3-2c62c1015237,2025-05-01 06:21:49,DEL-BR3,Delhi,51591383,16001.92,WITHDRAWAL,FAILED,INSUFFICIENT_FUNDS
6f3a70ff-69f7-4e03-86ef-046117751841,2025-05-04 20:08:03,CHE-BR1,Chennai,86181875,43699.96,DEPOSIT,FAILED,TECHNICAL_ERROR
be9c4608-f38e-4e83-b845-47128b3cd529,2025-05-07 11:38:56,MUM-BR3,Mumbai,35226525,8146.74,WITHDRAWAL,FAILED,ACCOUNT_BLOCKED
2e0e00d5-dd83-41fb-8464-7a66e890208e,2025-05-03 15:38:23,MUM-BR1,Mumbai,18062219,5485.22,DEPOSIT,FAILED,TECHNICAL_ERROR
9b2b0202-ac95-42c4-8e7c-a4fdd3799316,2025-05-06 01:54:04,DEL-BR4,Delhi,74063083,33161.78,WITHDRAWAL,FAILED,ACCOUNT_BLOCKED
1d4583ed-05af-4ae4-9219-dce3de74b646,2025-05-02 13:41:09,MUM-BR2,Mumbai,87887807,25838.62,DEPOSIT,FAILED,TECHNICAL_ERROR
91f9b9db-1439-4f7b-a5d4-27da8eadb670,2025-05-03 19:53:04,DEL-BR2,Delhi,16720891,35373.6,WITHDRAWAL,FAILED,ACCOUNT_BLOCKED
aa53c027-2da4-48a6-9519-5ab42a439fd1,2025-05-05 16:11:08,DEL-BR5,Delhi,33598874,5795.72,DEPOSIT,FAILED,TECHNICAL_ERROR
3a7de5b3-13cd-4d34-b3e6-a1ba85d7bf81,2025-05-02 09:30:08,DEL-BR3,Delhi,20629617,4064.81,DEPOSIT,FAILED,INSUFFICIENT_FUNDS
c0bdf974-d521-4a8d-b07c-9353df1488e6,2025-05-02 14:40:47,CHE-BR4,Chennai,25543838,31227.25,WITHDRAWAL,FAILED,ACCOUNT_BLOCKED
5dbd426b-1486-4621-8738-2b6a251d2627,2025-05-01 14:34:51,MUM-BR5,Mumbai,16074966,17421.46,DEPOSIT,FAILED,ACCOUNT_BLOCKED
a2c756d6-69c8-41d3-a33a-1433e1f0e07f,2025-05-04 18:38:53,MUM-BR5,Mumbai,20722801,11332.68,DEPOSIT,FAILED,TECHNICAL_ERROR
08300f11-6491-4668-8ba4-2a76ffc1099b,2025-05-06 13:45:06,MUM-BR1,Mumbai,20919080,7221.96,WITHDRAWAL,FAILED,ACCOUNT_BLOCKED
c3e765f4-78ed-4310-8e6f-e444867ee74d,2025-05-04 08:36:33,CHE-BR3,Chennai,76156904,32477.51,DEPOSIT,FAILED,TECHNICAL_ERROR
d60d17b7-bf65-4ccb-9b8e-e897494d1fe9,2025-05-05 06:30:26,MUM-BR5,Mumbai,76776053,28919.83,DEPOSIT,FAILED,INSUFFICIENT_FUNDS
4d915edb-b4dc-433e-8529-509e3fd40684,2025-05-01 00:46:29,CHE-BR1,Chennai,93792034,12481.96,DEPOSIT,FAILED,ACCOUNT_BLOCKED
84e62a90-04da-4d5e-9a94-74eebdc4c3fd,2025-05-04 17:29:45,DEL-BR1,Delhi,37533613,2332.73,DEPOSIT,FAILED,TECHNICAL_ERROR
9a26090f-6a1f-4cac-8c88-9c53f1a07805,2025-05-05 04:00:14,MUM-BR2,Mumbai,98038695,47137.02,DEPOSIT,FAILED,INSUFFICIENT_FUNDS
4dce9c83-469c-41ce-8c9c-c825f7800c08,2025-05-01 12:23:18,DEL-BR3,Delhi,28688455,26672.74,WITHDRAWAL,FAILED,ACCOUNT_BLOCKED
5a36317c-7935-4b51-a144-5f8f341be0c2,2025-05-06 07:10:02,MUM-BR5,Mumbai,93424447,3958.28,WITHDRAWAL,FAILED,ACCOUNT_BLOCKED
8acbdbb4-b7d2-45e7-b2ad-e3ec6722fef7,2025-05-02 16:12:55,DEL-BR4,Delhi,38968227,28037.42,WITHDRAWAL,FAILED,ACCOUNT_BLOCKED
d05671a3-5142-4902-9ec6-ed36aae279d3,2025-05-05 23:51:21,MUM-BR5,Mumbai,63223406,33458.01,DEPOSIT,FAILED,ACCOUNT_BLOCKED
3b51d3d5-e393-4484-8eda-8f0e863c1987,2025-05-03 05:55:17,MUM-BR4,Mumbai,42440173,30857.47,DEPOSIT,FAILED,ACCOUNT_BLOCKED
28fe8738-e077-456b-894a-d8c78d8375f5,2025-05-04 07:59:01,DEL-BR2,Delhi,79747066,36774.26,DEPOSIT,FAILED,INSUFFICIENT_FUNDS
6a30a92e-34fb-43aa-89cc-cdd0d3bf1725,2025-05-04 13:28:26,CHE-BR5,Chennai,82467395,40846.05,DEPOSIT,FAILED,TECHNICAL_ERROR
33c4c716-169c-45a4-9462-ac8f22ae14f1,2025-05-05 09:56:30,DEL-BR2,Delhi,33941229,46491.04,WITHDRAWAL,FAILED,INSUFFICIENT_FUNDS
e469cf82-d820-4c20-a3d2-def30e58225c,2025-05-03 17:31:14,CHE-BR1,Chennai,15028777,36388.92,WITHDRAWAL,FAILED,INSUFFICIENT_FUNDS
2837c996-ad23-4c7a-9e26-0daf389295fa,2025-05-04 07:41:58,CHE-BR5,Chennai,37746744,48411.09,WITHDRAWAL,FAILED,INSUFFICIENT_FUNDS
f37e427a-cd58-42df-bd50-5739f1f6668b,2025-05-01 15:02:31,DEL-BR4,Delhi,66847837,34180.02,WITHDRAWAL,FAILED,ACCOUNT_BLOCKED
4c74c60b-5d17-480d-95eb-075dce567ce2,2025-05-06 01:08:19,MUM-BR3,Mumbai,91824587,26055.0,WITHDRAWAL,FAILED,ACCOUNT_BLOCKED
6a11b2f0-0432-4411-a4d4-f3d3ecfc7da1,2025-05-03 22:51:29,CHE-BR3,Chennai,91996748,30211.39,DEPOSIT,FAILED,INSUFFICIENT_FUNDS
8e0d8b76-fc7d-405b-8a55-7eee75035ce8,2025-05-06 15:42:55,DEL-BR4,Delhi,64840899,387.88,WITHDRAWAL,FAILED,INSUFFICIENT_FUNDS
dc022af8-62f8-40a7-9fed-caa866c46ac1,2025-05-01 18:44:27,DEL-BR2,Delhi,38771508,32479.84,WITHDRAWAL,FAILED,ACCOUNT_BLOCKED
a84dae28-9303-4184-81ab-d91d61ed7e46,2025-05-02 03:23:15,DEL-BR4,Delhi,99794649,29202.73,WITHDRAWAL,FAILED,ACCOUNT_BLOCKED
86151e50-101b-483f-b35c-d84a4253c59d,2025-05-06 08:29:07,MUM-BR5,Mumbai,46233222,5331.6,WITHDRAWAL,FAILED,TECHNICAL_ERROR
8aef3579-773f-4d9c-a70c-1cc4ed39424d,2025-05-03 09:11:08,CHE-BR2,Chennai,88072547,24138.58,DEPOSIT,FAILED,INSUFFICIENT_FUNDS
1161f5f9-2171-451e-aabf-5356b99bf771,2025-05-04 04:41:42,DEL-BR3,Delhi,50806763,25716.32,DEPOSIT,FAILED,ACCOUNT_BLOCKED
b0a05356-7c34-43e9-b290-86b190258cee,2025-05-01 22:08:06,DEL-BR1,Delhi,80731458,33461.82,DEPOSIT,FAILED,TECHNICAL_ERROR
0ec5a41c-5691-43d1-8692-79b9e53f7ca5,2025-05-01 23:40:21,DEL-BR5,Delhi,36219547,47444.7,DEPOSIT,FAILED,INSUFFICIENT_FUNDS
fb9edba2-b7dc-4dd4-9186-a521359e4547,2025-05-07 05:22:18,CHE-BR4,Chennai,66161508,18885.1,WITHDRAWAL,FAILED,INSUFFICIENT_FUNDS
e3c8719a-fb01-41cd-9fcc-ee65015ce134,2025-05-07 08:38:23,DEL-BR1,Delhi,81133159,29167.02,DEPOSIT,FAILED,ACCOUNT_BLOCKED
